timestamp,open,high,low,close,volume
1325376000,4.58,5,4.58,5,21.602
1325462400,5,5,5,5,19.048
1325548800,5,5.32,5,5.29,88.03728092
1325635200,5.29,5.57,4.93,5.57,107.23326023
1325721600,5.57,6.65,5.57,6.65,94.80182926
1325808000,6.65,6.9,6,6,33.88274671
1325894400,6,6.8,6,6.8,0.29585799
1325980800,6.8,7,6.8,7,5
1326067200,7,7,6.23,6.3,66.8693229
1326153600,6.3,7.14,6.24,7.14,62.28998018
1326240000,7.14,7.33,6.25,7,105.35893402
1326326400,7,7.38,6.51,6.51,82.30163181
1326412800,6.51,7.36,6.51,6.6,48.97014484
1326499200,6.6,6.6,6.3,6.3,16.836
1326585600,6.3,7.15,6.3,7.15,16.6993007
1326672000,7.15,7.15,6.2,7.1,12.64929577
1326758400,7.1,7.1,6,6,80.51400824
1326844800,6,7.1,5.99,7.1,133.44676912
1326931200,7.1,7.1,5.52,6.22,246.71581895
1327017600,6.22,6.95,6.22,6.95,95.82599863
1327104000,6.95,6.95,6.28,6.77,81.41385241
1327190400,6.77,6.83,6.03,6.79,81.27103303
1327276800,6.79,6.79,6,6.52,94.92062909
1327363200,6.52,6.57,6,6.55,85.44624147
1327449600,6.55,6.86,6,6.31,81.1232564
1327536000,6.31,6.31,5.5,5.5,29.91907058
1327622400,5.5,6.03,3.8,5.88,92.07999287
1327708800,5.88,5.88,4.91,4.91,0.25
1327795200,4.91,5.9,4.91,5.5,9.45484643
1327881600,5.5,5.58,5.3,5.58,15.16
1327968000,5.58,6.22,3.8,5.3,110.50333334
1328054400,5.3,5.99,5.3,5.88,12.05880628
1328140800,5.88,6.28,5.88,6.28,251.00093001
1328227200,6.28,6.35,5.93,6.3,155.5524532
1328313600,6.3,6.5,5.94,5.94,67.63499409
1328400000,5.94,6.15,5.6,5.6,47.85042396
1328486400,5.6,5.9,5.2,5.6,29.17833833
1328572800,5.6,5.88,5.5,5.69,165.40541896
1328659200,5.69,5.87,5.66,5.87,83.57202011
1328745600,5.87,5.89,5.51,5.89,83.60318875
1328832000,5.89,5.89,5.8,5.88,176.93050375
1328918400,5.88,5.88,5.5,5.5,1.8794878
1329004800,5.5,5.78,5.5,5.67,64.8434324
1329091200,5.67,5.79,5.5,5.79,99.78443902
1329177600,5.79,5.8,4.56,4.89,128.34493428
1329264000,4.89,5.08,4.69,4.69,67.78916535
1329350400,4.69,4.98,4.15,4.51,115.6239213
1329436800,4.51,4.8,4.5,4.67,244.67028923
1329523200,4.67,4.73,4.14,4.23,254.39025201
1329609600,4.23,4.38,4.23,4.38,92.68354434
1329696000,4.38,4.72,4.38,4.44,315.93925361
1329782400,4.44,4.58,4.3,4.58,358.44920149
1329868800,4.58,4.59,4.46,4.51,75.30876636
1329955200,4.51,5.22,4.51,5.22,714.84400933
1330041600,5.22,5.22,4.95,4.95,37.59711782
1330128000,4.95,5.11,4.95,5,119.80740151
1330214400,5,5.07,4.78,4.98,40.9
1330300800,4.98,5.1,4.95,5.04,309.05231411
1330387200,5.04,5.1,4.71,4.88,440.24138707
1330473600,4.88,5,4.85,4.99,242.23784635
1330560000,4.99,5.05,4.9,5,291.16358119
1330646400,5,5,4.64,4.79,245.97471171
1330732800,4.79,4.99,4.6,4.65,125.91831514
1330819200,4.65,4.81,4.65,4.81,113.6084153
1330905600,4.81,5.06,4.77,5.06,518.05455153
1330992000,5.06,5.06,4.95,4.98,296.62794242
1331078400,4.98,5.09,4.93,4.93,373.49234495
1331164800,4.93,5.08,4.87,5.01,326.5657549
1331251200,5.01,5.07,4.93,4.93,277.58947934
1331337600,4.93,4.99,4.85,4.94,114.04892826
1331424000,4.94,5,4.84,5,24.68252609
1331510400,5,5,4.85,4.99,108.76167997
1331596800,4.99,5.32,4.96,5.3,734.65394306
1331683200,5.3,5.44,5.27,5.27,1129.74327668
1331769600,5.27,5.43,5.27,5.39,633.16784947
1331856000,5.39,5.41,5.26,5.26,157.69794429
1331942400,5.26,5.42,5.26,5.42,143.87332861
1332028800,5.42,5.42,5.24,5.25,412.66352117
1332115200,5.25,5.37,4.83,4.83,415.19375675
1332201600,4.83,4.97,4.79,4.79,279.75591707
1332288000,4.79,4.96,4.79,4.96,9.32862903
1332374400,4.96,4.98,4.72,4.91,396.4109947
1332460800,4.91,4.91,4.6,4.78,393.13018484
1332547200,4.78,4.83,4.62,4.83,191.53850932
1332633600,4.83,4.84,4.54,4.54,15.47357192
1332720000,4.54,4.75,4.54,4.73,64.76455997
1332806400,4.73,4.97,4.54,4.84,369.59079623
1332892800,4.84,4.95,4.72,4.93,418.64896346
1332979200,4.93,4.93,4.77,4.84,110.39370311
1333065600,4.84,4.91,4.76,4.88,161.39879423
1333152000,4.88,4.92,4.88,4.9,158.37378321
1333238400,4.9,4.9,4.77,4.89,308.5058652
1333324800,4.89,5.04,4.78,5.04,888.57861157
1333411200,5.04,5.04,4.86,4.99,244.30290125
1333497600,4.99,5.01,4.86,5.01,305.43564088
1333584000,5.01,5.04,4.89,5,400.86488523
1333670400,5,5,4.81,4.99,725.95771755
1333756800,4.99,4.99,4.7,4.7,228.65562961
1333843200,4.7,4.8,4.69,4.76,177.21795867
1333929600,4.76,4.85,4.7,4.75,158.55832457
1334016000,4.75,4.87,4.75,4.8,314.81763742
1334102400,4.8,4.92,4.78,4.92,425.60463177
1334188800,4.92,4.93,4.73,4.93,756.79455183
1334275200,4.93,4.95,4.81,4.93,1102.2658949
1334361600,4.93,5.01,4.93,4.96,544.64998903
1334448000,4.96,4.99,4.92,4.99,114.97408628
1334534400,4.99,4.99,4.93,4.98,487.00754874
1334620800,4.98,4.99,4.95,4.98,282.51538718
1334707200,4.98,5.18,4.98,5.16,839.9317501
1334793600,5.16,5.18,5.06,5.13,562.65170962
1334880000,5.13,5.38,5.09,5.38,372.83588987
1334966400,5.38,5.43,5.19,5.24,301.94356518
1335052800,5.24,5.25,5.17,5.17,139.56864263
1335139200,5.17,5.25,5,5,947.46097438
1335225600,5,5.15,4.98,5.08,1975.83110589
1335312000,5.08,5.14,4.86,5.14,1634.21397671
1335398400,5.14,5.14,4.86,4.98,762.130218
1335484800,4.98,5.08,4.98,5.04,718.01401093
1335571200,5.04,5.07,4.85,4.91,205.02552687
1335657600,4.91,4.96,4.81,4.91,62.87862749
1335744000,4.91,5.02,4.87,5,490.58077756
1335830400,5,5.04,4.86,4.97,831.74622588
1335916800,4.97,5.15,4.97,5.06,495.3171434
1336003200,5.06,5.13,5.05,5.1,645.08940157
1336089600,5.1,5.15,5.07,5.07,776.04276349
1336176000,5.07,5.11,5.04,5.04,415.56904636
1336262400,5.04,5.1,5.02,5.08,1234.04605556
1336348800,5.08,5.08,4.97,5.05,874.47864459
1336435200,5.05,5.08,4.99,5.02,640.55868732
1336521600,5.02,5.08,5.01,5.02,350.28159466
1336608000,5.02,5.04,4.87,4.87,907.11429341
1336694400,4.87,4.97,4.87,4.95,413.82665677
1336780800,4.95,4.97,4.91,4.91,219.33389116
1336867200,4.91,4.95,4.91,4.94,395.46296566
1336953600,4.94,4.99,4.88,4.93,718.72911768
1337040000,4.93,5.01,4.9,4.95,600.99596383
1337126400,4.95,5.04,4.95,5.04,178.0332215
1337212800,5.04,5.04,5.01,5.02,611.21283218
1337299200,5.02,5.07,5.02,5.07,912.52426975
1337385600,5.07,5.08,5.05,5.07,168.0059752
1337472000,5.07,5.08,5.03,5.03,26.40212653
1337558400,5.03,5.09,5.01,5.08,354.05739561
1337644800,5.08,5.08,5,5.03,678.06758546
1337731200,5.03,5.1,5.02,5.1,558.15131265
1337817600,5.1,5.12,5.04,5.12,904.74009563
1337904000,5.12,5.12,5.08,5.08,274.91026252
1337990400,5.08,5.09,5.06,5.07,388.70621698
1338076800,5.07,5.08,5,5.07,913.52967246
1338163200,5.07,5.08,5.07,5.07,180.68383317
1338249600,5.07,5.12,4.95,5.11,1341.51430437
1338336000,5.11,5.14,5.07,5.14,748.4016813
1338422400,5.14,5.17,5.1,5.17,1102.63991433
1338508800,5.17,5.24,5.16,5.22,473.66441064
1338595200,5.22,5.22,5.17,5.19,192.43478463
1338681600,5.19,5.2,5.19,5.19,14.33475413
1338768000,5.19,5.24,5.14,5.22,1359.1183093
1338854400,5.22,5.49,5.22,5.37,929.19495142
1338940800,5.37,5.49,5.37,5.41,770.84630967
1339027200,5.41,5.53,5.4,5.53,1412.87520676
1339113600,5.53,5.63,5.46,5.61,1397.44902146
1339200000,5.61,5.62,5.47,5.48,353.65603433
1339286400,5.48,5.54,5.42,5.42,270.95117635
1339372800,5.42,5.57,5.4,5.52,667.67216608
1339459200,5.52,5.9,5.52,5.71,9330.40796353
1339545600,5.71,6,5.71,5.86,1690.19740728
1339632000,5.86,5.91,5.79,5.9,3236.5087261
1339718400,5.9,6.42,5.56,6.42,2041.44728739
1339804800,6.42,6.52,6.12,6.41,1010.13937541
1339891200,6.41,6.47,6.13,6.19,424.19045736
1339977600,6.19,6.34,5.98,6.06,2483.09865301
1340064000,6.06,6.49,6.06,6.46,1389.04883704
1340150400,6.46,6.65,6.26,6.64,2075.98456732
1340236800,6.64,6.69,6.64,6.64,480.84201914
1340323200,6.64,6.67,6.48,6.59,963.16079856
1340409600,6.59,6.61,6.33,6.45,1137.14132849
1340496000,6.45,6.45,6.35,6.4,599.17294991
1340582400,6.4,6.4,6.11,6.26,1956.72821549
1340668800,6.26,6.46,6.17,6.41,2273.09860085
1340755200,6.41,6.68,6.34,6.49,11231.77828715
1340841600,6.49,6.54,5.99,6.5,4266.15056833
1340928000,6.5,6.63,6.49,6.52,8127.55500191
1341014400,6.52,6.61,6.5,6.61,828.05206012
1341100800,6.61,6.62,6.52,6.52,332.44372303
1341187200,6.52,6.64,6.52,6.61,1792.23613156
1341273600,6.61,6.66,6.4,6.44,1936.3905711
1341360000,6.44,6.55,6.36,6.44,2014.68873242
1341446400,6.44,6.66,6.44,6.6,1406.97193178
1341532800,6.6,6.6,6.39,6.59,1662.61510481
1341619200,6.59,6.79,6.56,6.79,1408.4798228
1341705600,6.79,6.8,6.45,6.73,830.37090436
1341792000,6.73,6.99,6.55,6.94,1751.75552753
1341878400,6.94,7.13,6.94,7.08,1495.1442887
1341964800,7.08,7.15,7.04,7.14,751.66207543
1342051200,7.14,7.59,7.1,7.59,2325.83757492
1342137600,7.59,7.69,7.46,7.59,1204.54573744
1342224000,7.59,7.59,7.44,7.55,717.31461971
1342310400,7.55,7.57,7.4,7.57,322.39208253
1342396800,7.57,8.3,7.14,8.3,3680.08259313
1342483200,8.3,8.8,7.7,8.55,3658.89689036
1342569600,8.55,9.15,8.36,9,2613.84283038
1342656000,9,9.2,8.76,8.76,2512.84139938
1342742400,8.76,8.76,7.93,8.44,1378.66512931
1342828800,8.44,8.91,8.2,8.74,2380.64465914
1342915200,8.74,8.8,8.3,8.42,1483.54734476
1343001600,8.42,8.88,8.1,8.59,2585.86162064
1343088000,8.59,8.8,8.25,8.61,1298.89850451
1343174400,8.61,8.64,8.24,8.64,1795.45977381
1343260800,8.64,8.83,8.45,8.75,837.67858918
1343347200,8.75,8.91,8.75,8.83,687.49671529
1343433600,8.83,9,8.78,8.88,1498.92603223
1343520000,8.88,8.88,8.7,8.71,590.37066164
1343606400,8.71,9,8.54,9,2423.61350598
1343692800,9,9.28,8.92,9.28,1324.42575089
1343779200,9.28,9.5,8.9,9.45,2419.60607326
1343865600,9.45,10.52,9.4,10.44,2209.70926083
1343952000,10.44,12,10.1,10.79,2419.4134313
1344038400,10.79,11.2,10.5,10.51,635.36838136
1344124800,10.51,10.93,10.29,10.71,1906.7619071
1344211200,10.71,10.99,10.43,10.84,2070.07812125
1344297600,10.84,10.87,10.72,10.75,1039.03555
1344384000,10.75,11.04,10.7,10.99,2746.09461909
1344470400,10.99,12.49,10.79,11,2432.99473283
1344556800,11,11.5,10.9,11.32,2554.43905578
1344643200,11.32,11.4,11.25,11.38,358.81692698
1344729600,11.38,11.69,11.34,11.49,838.43263007
1344816000,11.49,11.98,11.4,11.89,3499.58597117
1344902400,11.89,12.3,11.81,12.25,1925.97314893
1344988800,12.25,13.2,12.13,13.01,1592.26779358
1345075200,13.01,13.5,12.75,13.42,1529.32907411
1345161600,13.42,16.41,11.5,12.5,4868.27886465
1345248000,12.5,12.99,11.11,11.54,2511.36721759
1345334400,11.54,11.86,7.1,8.06,5427.25152631
1345420800,8.06,10.33,7.86,10.05,3382.49965273
1345507200,10.05,10.51,9.53,10.18,3384.91944343
1345593600,10.18,10.71,9.75,9.96,8193.33129544
1345680000,9.96,10.19,9.78,10.02,2710.255412
1345766400,10.02,10.51,9.83,10.37,4170.89273973
1345852800,10.37,10.58,10.14,10.57,581.27122837
1345939200,10.57,10.62,10.2,10.31,1412.06354452
1346025600,10.31,11.93,10.31,10.78,4283.77447562
1346112000,10.78,11.21,10.63,11,2970.10121301
1346198400,11,11.05,10.49,10.78,4768.86011118
1346284800,10.78,10.91,10.51,10.65,1513.88396985
1346371200,10.65,10.8,9.69,10.16,2915.12925668
1346457600,10.16,10.2,9.85,9.91,665.20204584
1346544000,9.91,10.18,9.49,10.18,1340.45182161
1346630400,10.18,10.55,9.95,10.55,1166.65101376
1346716800,10.55,10.55,10.14,10.36,2649.65990947
1346803200,10.36,10.99,10.12,10.99,1870.38903071
1346889600,10.99,11.15,10.68,11.02,3296.23211519
1346976000,11.02,11.1,10.83,11.03,1351.7701121
1347062400,11.03,11.11,10.3,10.97,1355.12940957
1347148800,10.97,11.04,10.84,10.98,1216.12471856
1347235200,10.98,11.08,10.74,10.95,2492.06090795
1347321600,10.95,11.04,10.38,11.04,4794.96358934
1347408000,11.04,11.14,10.75,11.14,2414.68753316
1347494400,11.14,11.42,10.98,11.3,2138.98077281
1347580800,11.3,11.7,11.05,11.5,2127.29435418
1347667200,11.5,11.65,11.35,11.63,594.79395476
1347753600,11.63,11.8,11.53,11.75,1287.40625221
1347840000,11.75,11.88,11.58,11.85,689.94090289
1347926400,11.85,12.28,11.67,11.91,3735.01772907
1348012800,11.9,12.5,11.9,12.32,1251.58348152
1348099200,12.32,12.66,12.28,12.28,767.93391028
1348185600,12.28,12.35,12.01,12.19,1990.3901719
1348272000,12.19,12.25,11.97,11.97,818.04702569
1348358400,11.97,12.11,11.79,11.99,1084.46274346
1348444800,11.99,11.99,11.69,11.9,1523.1995401
1348531200,11.9,12.18,11.56,11.75,3057.44986023
1348617600,11.75,12.2,11.53,12.2,3038.10509727
1348704000,12.2,12.38,11.84,12.22,3306.14546315
1348790400,12.22,12.28,11.53,12.28,2842.62287799
1348876800,12.28,12.28,12.12,12.28,584.15406141
1348963200,12.28,12.28,12.17,12.22,173.21424584
1349049600,12.22,12.27,11.6,12.14,3151.92775768
1349136000,12.14,12.7,12.14,12.64,4634.41770999
1349222400,12.64,12.99,12.45,12.9,4948.45567245
1349308800,12.9,12.9,12.51,12.57,3211.88600053
1349395200,12.57,12.7,11.5,12.5,5459.56068828
1349481600,12.5,12.6,12.06,12.39,1640.41684963
1349568000,12.39,12.45,11.52,11.71,3262.84750727
1349654400,11.71,11.99,10.42,11.62,2885.95781205
1349740800,11.62,12.26,11.52,11.99,1933.93908899
1349827200,11.99,12.25,11.79,12.24,2369.71836117
1349913600,12.24,12.24,11.58,12.09,2349.86047287
1350000000,12.09,12.1,11.81,11.9,735.71660723
1350086400,11.9,12,11.81,11.85,486.61590663
1350172800,11.85,11.9,11.79,11.79,336.21764746
1350259200,11.79,11.84,11.03,11.66,3425.95800654
1350345600,11.66,11.94,11.17,11.92,1004.49967705
1350432000,11.92,11.97,11.15,11.88,3020.89053734
1350518400,11.88,11.9,11.55,11.8,1277.75425699
1350604800,11.8,11.84,11.5,11.67,10149.00152833
1350691200,11.67,11.7,11.53,11.6,704.85501096
1350777600,11.6,11.68,11.29,11.32,2048.2603274
1350864000,11.32,11.57,11.27,11.49,1913.11800635
1350950400,11.49,11.7,11.25,11.58,2717.11005347
1351036800,11.58,11.62,11.01,11.4,3180.17696523
1351123200,11.4,11.4,10.4,10.55,3077.54063611
1351209600,10.55,10.84,9.68,10,2384.64651222
1351296000,10,10.75,9.5,10.43,1989.47751313
1351382400,10.43,10.75,10.3,10.54,972.31928641
1351468800,10.54,10.8,10.32,10.8,2655.79081055
1351555200,10.8,10.81,10.43,10.8,2780.31469798
1351641600,10.8,11,10.66,11,3057.67949806
1351728000,11,11.05,10.63,10.85,1726.98832092
1351814400,10.85,10.96,10.45,10.67,2477.44954182
1351900800,10.67,10.69,10.41,10.66,1572.81466123
1351987200,10.66,10.68,10.4,10.64,2010.40623271
1352073600,10.64,10.8,10.5,10.78,5531.26120642
1352160000,10.78,10.8,10.51,10.74,3348.91281134
1352246400,10.74,10.84,10.45,10.8,4027.9994833
1352332800,10.8,10.83,10.25,10.81,2930.3994993
1352419200,10.81,10.84,10.61,10.8,2342.58038373
1352505600,10.8,10.87,10.63,10.81,1074.44382044
1352592000,10.81,10.85,10.64,10.82,650.67843328
1352678400,10.82,10.92,10.72,10.87,1146.3177332
1352764800,10.87,10.99,10.76,10.87,2565.61377888
1352851200,10.87,10.98,10.74,10.97,1294.56300651
1352937600,10.97,11.05,10.81,11.05,2452.65680751
1353024000,11.05,11.6,10.96,11.46,7094.45117038
1353110400,11.46,11.65,11.45,11.57,795.35041288
1353196800,11.57,11.65,11.32,11.51,1033.46070105
1353283200,11.51,11.65,11.03,11.65,4206.61783947
1353369600,11.65,11.69,11.44,11.65,2524.49574606
1353456000,11.65,11.67,11.34,11.67,3449.3800311
1353542400,11.67,12.12,11.55,11.88,10030.59751843
1353628800,11.86,12.16,11.66,12.16,2085.93949655
1353715200,12.16,12.29,12.06,12.25,1378.94883856
1353801600,12.25,12.35,12.2,12.31,1110.26121167
1353888000,12.31,12.4,12.11,12.2,4569.27484855
1353974400,12.2,12.23,11.75,12.07,3692.25210948
1354060800,12.07,12.74,11.93,12.22,4332.17242762
1354147200,12.22,12.41,12.1,12.37,3553.57577684
1354233600,12.37,12.45,12.2,12.43,3472.32663909
1354320000,12.43,12.46,12.31,12.34,2513.84899834
1354406400,12.34,12.46,12.24,12.42,1741.38980028
1354492800,12.46,12.6,12.32,12.6,5124.74579588
1354579200,12.6,13.01,12.42,12.59,5524.27022114
1354665600,12.59,13.43,12.59,13.2,3202.16066697
1354752000,13.2,13.59,13.02,13.45,4479.8787206
1354838400,13.45,13.48,13.11,13.37,3494.46597785
1354924800,13.37,13.37,13.3,13.36,509.44467265
1355011200,13.35,13.36,13.1,13.29,1187.24480088
1355097600,13.29,13.4,13.03,13.3,6444.03315201
1355184000,13.3,13.41,13.13,13.35,2641.35197436
1355270400,13.35,13.49,13.23,13.49,3925.65665283
1355356800,13.49,13.52,13.05,13.52,5259.54363934
1355443200,13.52,13.94,13.38,13.51,5949.65698329
1355529600,13.51,13.57,13.28,13.38,1531.92100659
1355616000,13.38,13.44,13.27,13.27,1217.80887677
1355702400,13.27,13.29,12.85,13.2,5313.36578294
1355788800,13.2,13.62,12.75,13.13,5416.93282338
1355875200,13.13,13.4,13,13.4,4893.71657021
1355961600,13.4,13.44,13.14,13.35,1866.13166051
1356048000,13.35,13.41,13.2,13.2,2559.57635586
1356134400,13.2,13.37,13.11,13.2,870.39564745
1356220800,13.2,13.29,13.04,13.14,518.01209598
1356307200,13.14,13.24,13.01,13.23,1511.90177224
1356393600,13.23,13.25,13.09,13.24,1136.04126972
1356480000,13.24,13.24,13.01,13.18,2247.7983618
1356566400,13.18,13.25,12.91,13.2,3347.61148062
1356652800,13.2,13.29,13.01,13.18,4176.8818021
1356739200,13.18,13.28,13.11,13.22,274.78659657
1356825600,13.22,13.29,13.1,13.2,1020.89023268
1356912000,13.2,13.29,13.05,13.24,1641.78561179
1356998400,13.24,13.24,12.77,13.22,2116.92940862
1357084800,13.22,13.22,12.98,13.09,1840.84872373
1357171200,13.09,13.26,12.96,13.19,3320.9720537
1357257600,13.12,13.24,12.84,13.19,2700.25350741
1357344000,13.19,13.19,13.03,13.15,1463.53584867
1357430400,13.15,13.15,13.06,13.15,453.5630895
1357516800,13.15,13.2,13.04,13.2,3935.24845698
1357603200,13.2,13.5,13.05,13.5,6086.27515492
1357689600,13.5,13.65,13.18,13.58,4640.26739318
1357776000,13.58,14.19,13.5,14,3719.44737915
1357862400,14,14.1,13.85,14,2405.62603846
1357948800,14,14.07,13.84,13.89,2245.5631997
1358035200,13.89,14.03,13.54,13.64,1578.50971345
1358121600,13.64,14.1,13.5,14.1,4314.60459809
1358208000,14.1,14.32,13.88,14.2,4961.37905221
1358294400,14.2,14.65,14.01,14.53,5436.22875828
1358380800,14.53,15.47,14.45,15.36,5227.75642184
1358467200,15.36,15.7,15.17,15.57,6749.5256782
1358553600,15.57,15.65,15.32,15.38,1993.54022684
1358640000,15.38,15.69,15.38,15.5,1427.76747178
1358726400,15.5,16.98,15.45,16.52,5634.62820353
1358812800,16.52,17.6,16.45,17.35,3827.75700027
1358899200,17.35,17.6,16.86,17.5,4853.15538002
1358985600,17.5,19.2,16,17.29,14880.17041128
1359072000,17.29,17.72,16.12,17.49,5131.56268928
1359158400,17.49,17.49,16.67,17.49,2485.89670409
1359244800,17.49,17.6,17.08,17.6,2589.57418764
1359331200,17.6,18.74,17.48,18.67,5344.51893733
1359417600,18.6,19.85,18.53,19.35,4541.64000435
1359504000,19.46,19.47,18.85,19.45,2557.50773646
1359590400,19.45,21,19.27,20.46,5738.86115204
1359676800,20.46,20.9,20.04,20.35,3503.83130961
1359763200,20.35,20.53,19.5,19.82,4786.977974
1359849600,19.82,20.59,19.57,20.29,2479.42164405
1359936000,20.29,20.7,19.9,20.3,4506.95113427
1360022400,20.3,20.69,20.08,20.5,3193.30770398
1360108800,20.5,20.99,20.33,20.91,3424.26001089
1360195200,20.91,21.96,20.9,21.71,6307.57656257
1360281600,21.95,22.63,21.81,22.4,2801.66595389
1360368000,22.4,23.5,22.24,23.14,2134.0789741
1360454400,23.14,23.8,22.85,23.7,2194.81136293
1360540800,23.7,23.94,23.16,23.94,2978.34729807
1360627200,23.94,25.85,23.87,25.47,8534.23395403
1360713600,25.47,25.97,25,25,3983.63915336
1360800000,25,27.5,22.42,27.4,12042.50498387
1360886400,27.4,27.56,26.72,27,3145.14317345
1360972800,27.43,27.58,26.71,27.5,2782.38948658
1361059200,27.5,27.5,25.25,26.98,7942.00011199
1361145600,26.98,27,26.29,26.92,3103.54193597
1361232000,26.92,29.5,26.7,29.39,9541.05177226
1361318400,29.39,30.07,29.21,30,3832.39322315
1361404800,30,30.14,29.6,30,3576.1120243
1361491200,30,31.49,29.9,30.4,6182.20227366
1361577600,30.4,30.44,27.67,29.54,3865.84825949
1361664000,29.54,30.37,29.08,29.78,1590.77752019
1361750400,29.78,30.49,29.78,30.43,1564.84867774
1361836800,30.43,32,29.85,31.1,5071.90174369
1361923200,31.1,31.77,30.45,31.31,3168.54441515
1362009600,31.31,34.42,31.31,33.53,6726.87432506
1362096000,33.53,34.75,33.25,34.55,3666.42582921
1362182400,34.55,34.77,33.6,34.16,2128.57214025
1362268800,34.16,34.34,33.91,34.33,1136.62608259
1362355200,34.33,37,34.24,36.52,6165.24472089
1362441600,36.52,41,36.52,40.75,6476.19220972
1362528000,40.75,49.17,40.66,42.32,10298.43893055
1362614400,42.31,46,33,41.68,16259.06198022
1362700800,41.68,44.37,40.56,43.76,4388.75944645
1362787200,43.76,46,42,46,3829.2199598
1362873600,46,47,45,45.29,1252.09771351
1362960000,45.29,48.38,45.29,48.25,3400.7859461
1363046400,48.25,48.25,36,44.84,11195.69562451
1363132800,44.84,47.09,44.2,46.99,3290.23440492
1363219200,46.99,47.97,46.8,46.95,3527.68709124
1363305600,46.95,47.29,46.9,46.9,1063.76443798
1363392000,46.93,47,46.58,46.74,909.75563433
1363478400,46.74,47.24,46.7,47.24,1102.96029809
1363564800,47.24,51.1,46.98,50.35,5924.10302677
1363651200,50.35,60,48,59.41,9303.93790035
1363737600,59.41,67.99,58.86,64.2,8546.00680193
1363824000,64.2,76.91,64.2,72.23,9864.56711014
1363910400,72.23,74.47,65,69.9,5462.69655236
1363996800,69.9,72,50.09,63.9,13092.94728399
1364083200,63.9,71,63.36,70.22,3627.69480395
1364169600,70.22,80,69.25,75.11,8198.25231403
1364256000,74.3,86,74.3,79.81,6748.3811185
1364342400,79.81,89.99,78.75,89.3,6073.07958286
1364428800,89.3,97,80,88.52,9823.47335779
1364515200,88.52,94,84,90,6658.41693742
1364601600,90,95,89.31,92.11,1799.52075455
1364688000,92.11,96.15,92.11,96.15,2003.81769842
1364774400,96.15,106.5,93.7,104.7,6540.7052677
1364860800,103.73,116,100.1,116,6441.03900269
1364947200,116,158.41,110,133.78,15003.94850365
1365033600,133.87,150,119,135,7265.27300112
1365120000,134.67,144,127.09,141.8,7560.20101911
1365206400,141.8,150.03,138.5,141,3504.27395363
1365292800,141,165.1,140.65,164.97,6737.21244685
1365379200,164.97,198,162,185.6,13411.06323591
1365465600,185.6,235.29,164.34,229,11211.78878477
1365552000,228.94,259.34,70,162,20889.47079028
1365638400,162,179,50,83.4,37205.88492273
1365724800,83.4,112,45,109.9,29095.90818647
1365811200,109.9,119,85,91.64,16830.84314245
1365897600,90.44,99.99,81.94,91.11,5777.57333124
1365984000,91.79,99.8,60,74,19578.12871598
1366070400,74,82,49.8,68.09,35706.58629386
1366156800,68.09,101.12,60,89.98,30854.42411947
1366243200,89.98,111.23,78.92,109.3,16527.45971668
1366329600,109.3,140.2,100,117.71,25498.95204842
1366416000,117.71,129.79,114.27,126.55,7474.81424834
1366502400,126.55,129,101,118.81,17188.09077106
1366588800,118.81,125.01,116,123.74,6675.54945823
1366675200,123.74,138.87,121.12,137.29,13391.87055752
1366761600,137.3,161,134.98,149,21232.85034477
1366848000,150,170.28,123.2,141.9,16566.09169458
1366934400,141.9,142.53,126.68,137.3,10688.92108773
1367020800,137.3,148.61,125.76,128.8,6686.07508764
1367107200,128.8,148.18,121.57,135.28,5136.5255006
1367193600,135.28,151.65,123.96,143.31,10485.46213504
1367280000,143.32,144.99,133.89,139.88,8465.29718136
1367366400,139.87,140.3,104.9,116.75,21104.90212995
1367452800,116.75,127.24,93.01,106.81,21725.133598
1367539200,107.02,108,81.5,98.08,26863.56444609
1367625600,98.08,115.64,94,112.62,15910.12807666
1367712000,112.89,118.76,106.5,116.57,9033.94177783
1367798400,116.57,123.97,105,112.71,17251.55561438
1367884800,112.67,112.95,98.77,110,14941.55263514
1367971200,110.92,116.29,109.41,113.16,8261.64064249
1368057600,113.16,113.95,109,111.96,6725.70842693
1368144000,111.96,119.98,109.2,117.9,10480.13511879
1368230400,117.9,118.5,112.95,115.04,4692.10496687
1368316800,115.58,117.86,113,114.5,3366.70303467
1368403200,114.5,117.48,113.55,115.99,3412.04123442
1368489600,115.98,117.9,103.5,107,12120.00783896
1368576000,107,113,101.72,108.95,10914.51829481
1368662400,108.96,113.35,108.35,113.35,7515.76166257
1368748800,113.36,118.16,112.82,116.73,9721.36089521
1368835200,117.51,118.55,115.99,118.49,3906.23090184
1368921600,118.49,118.98,114.1,116.38,4800.36143192
1369008000,117.27,118.94,114.03,116.55,4541.30988594
1369094400,117.81,118.56,116.9,117.5,3656.2547232
1369180800,117.25,119.48,117,119.11,7275.60471178
1369267200,118.45,123.9,118.36,123.84,10212.79546118
1369353600,123.84,129.94,122.52,128.7,13193.58203434
1369440000,128.65,129.73,126.03,128.97,5146.70519875
1369526400,128.98,130.29,127.97,129.5,3916.06467515
1369612800,130.27,130.6,120.33,126.25,7413.81180566
1369699200,126.2,127.11,123,125.92,6072.75780468
1369785600,125.99,130.4,125.53,130.35,9946.83923725
1369872000,130.01,131,124.9,126.81,9432.35613171
1369958400,126.81,129.87,125.06,127.91,5633.94849614
1370044800,127.76,128.86,127.09,128.77,3406.48517336
1370131200,128.77,128.8,117.02,123,15138.12901202
1370217600,123.35,125.01,117,123.22,8850.29223011
1370304000,123.22,123.66,116.32,120.57,7975.85871798
1370390400,120.58,122.74,119.65,121.2,4733.02694896
1370476800,120.98,121.33,118.43,118.78,4936.97817062
1370563200,118.78,119.16,107,110.18,18261.47609584
1370649600,110.17,112.46,108.44,109.11,5055.00711397
1370736000,109.11,110,90,100.17,30734.49888577
1370822400,100.17,107.9,93.1,104.22,13536.55840755
1370908800,104.21,108,102.97,107.36,5234.35334037
1370995200,107.35,111.18,105.01,106.56,7612.62055255
1371081600,106.1,108.43,95,102,8047.28050101
1371168000,101.86,102.95,95,99.01,10698.4120069
1371254400,99.01,105,96.22,99.42,4243.40771805
1371340800,99.42,101.11,98,99.37,3089.73462791
1371427200,99.37,101.47,98.29,100,4785.76602027
1371513600,100,108.18,99.99,104.5,10874.74329689
1371600000,104.5,107.5,102,105.24,5483.53573255
1371686400,105.24,108,102.47,102.61,9088.52547567
1371772800,103,104.86,90,101.8,12331.66300099
1371859200,101.29,103,98.55,100,3350.32557131
1371945600,100,101.45,98.5,100.41,1977.39270619
1372032000,100.4,102.3,95,99.47,9702.68839049
1372118400,98.83,101,97.47,97.87,5294.05179614
1372204800,97.57,99.98,96.13,98.77,4940.40777894
1372291200,98.77,98.77,96,96.31,4937.41675442
1372377600,96.31,97.45,88.01,89.96,18557.52900345
1372464000,89.2,91.61,86.2,88.98,4373.62440255
1372550400,88.98,90.3,88.01,89.53,2390.67441288
1372636800,89.53,90.16,80.94,84.5,20854.46869197
1372723200,83.41,88.5,81.9,88,12666.39148742
1372809600,88.04,89.56,75.11,77.01,20740.88552523
1372896000,77.33,83.9,70.06,79.4,21957.43214384
1372982400,79.4,79.4,63.26,66.93,32935.36592906
1373068800,67.13,72.88,63,66.34,17245.95828177
1373155200,66.34,73.96,64.5,73.96,6858.52231849
1373241600,73.97,76.94,70.1,74.4,18669.57799992
1373328000,74,76.01,70.25,75.01,15908.99990621
1373414400,75,86.64,74.81,86.19,27275.18412986
1373500800,86.13,89.96,83.85,87.13,17311.05698299
1373587200,87.13,100,86.6,90.17,32060.82985282
1373673600,90.19,92.04,87.15,91.67,6004.55580528
1373760000,91.67,93,88.87,90.03,5202.94162176
1373846400,90.03,95,88.11,93.78,13030.66102004
1373932800,93.76,93.9,89.09,91.55,9285.47354955
1374019200,91.61,92.37,89,90.97,7404.86645917
1374105600,90.96,91,77,85.28,21446.66606845
1374192000,85,88,83.21,86.51,8689.960752
1374278400,86.51,87.07,84.27,85.04,4451.4748679
1374364800,85.04,86.99,84.25,85.93,2907.86221135
1374451200,85.73,87.08,83,85.6,8294.01816821
1374537600,85.59,88.88,82,86.98,13038.50130799
1374624000,86.88,88.48,85.73,88.42,9276.4211009
1374710400,88.42,90.66,87.08,90.16,10416.8800968
1374796800,90.16,91.77,88.56,89.95,6500.58440396
1374883200,89.97,90.16,87.8,88.16,3489.15396964
1374969600,88.16,94.01,87.9,92.71,7294.35296151
1375056000,92.71,93.5,90.54,93.39,10250.84060044
1375142400,93.45,97,92.7,96.57,11695.36756812
1375228800,96.57,101,95,98.28,17025.38437411
1375315200,98.28,98.44,95.15,96.62,7832.16050467
1375401600,96.63,98.71,93.03,95.85,15553.07296963
1375488000,95.82,97,93.98,95.55,4499.94672997
1375574400,95.55,96.61,95.5,96.38,3019.67129901
1375660800,96.38,98.92,96,97.81,11003.41353294
1375747200,97.81,98.98,97.07,97.69,9248.61209517
1375833600,97.7,98.32,95.5,97.09,7127.85555164
1375920000,97.09,97.14,91.11,94.27,14017.03265768
1376006400,94.26,95.75,90,92.27,12311.24302657
1376092800,92.27,94.25,92.14,93.51,3115.45505946
1376179200,93.51,94.58,93.12,94.09,1863.55256347
1376265600,94.09,96.18,93.31,95.35,7203.7336517
1376352000,95.37,98.19,94.24,98.15,12840.28503739
1376438400,98.15,101,97.03,99.19,17997.71861974
1376524800,99.19,100.01,96.68,98.08,9533.32415037
1376611200,98.08,99,96.5,98.25,9306.11308233
1376697600,98.25,99.82,97.48,99.71,5533.56584068
1376784000,99.71,99.99,98.41,99.3,2757.60749158
1376870400,99.3,105.16,99,102.85,20223.50852434
1376956800,102.85,104.88,100.38,104.87,11512.55473348
1377043200,104.87,114,104.56,110.43,23925.71807899
1377129600,110.43,113.02,107.98,109.12,12231.93171666
1377216000,109.12,109.9,104.2,107.65,9469.67629666
1377302400,107.91,110.33,106.64,109.15,4332.68697991
1377388800,109.15,113.28,109.15,113.12,9343.16273408
1377475200,113.12,113.3,110.27,111.9,10842.80342417
1377561600,111.85,118.93,111.76,117.75,18924.73961221
1377648000,117.75,119.63,117.04,117.91,10195.73119445
1377734400,117.91,120,117,118.5,9789.33885357
1377820800,118.91,126.14,118.04,124.86,17374.35799114
1377907200,124.86,134.95,124.8,128,19981.34364226
1377993600,127.9,132.09,126.79,130.66,8021.56323583
1378080000,130.65,132,128.52,130.15,8939.39980324
1378166400,129.4,131,127,129.18,11994.57661966
1378252800,129.18,129.94,115.21,122.81,18821.05012844
1378339200,121.65,127.5,116.07,122.5,19236.83229587
1378425600,122,124.54,115.21,117.67,19391.20825469
1378512000,116.56,122.16,115.5,119.93,9676.9974976
1378598400,119.93,120.94,116,118.34,5458.68589096
1378684800,118.34,124.13,115,121.68,21345.72633658
1378771200,121.68,124.26,120.8,122.07,11319.88974811
1378857600,122.07,127.72,118,127.55,18550.2138604
1378944000,127.54,128.5,123.1,126.38,13856.21063312
1379030400,126.38,128.79,125.05,127.71,9309.9491962
1379116800,127.71,128,123.05,124.49,8711.86383564
1379203200,124.49,126.25,123,125.36,5360.8824298
1379289600,125.36,126.71,124.03,126.27,7602.34785199
1379376000,126.28,127.69,125.47,126.92,8852.61357182
1379462400,126.92,128,124.2,127,13495.71105357
1379548800,127,127.95,123.02,124.18,10236.24813846
1379635200,124.18,126.02,121.16,122.91,10505.08009305
1379721600,122.91,124.1,121.7,123.39,4154.19202354
1379808000,123.38,123.5,122.35,123.27,2882.09130233
1379894400,123.27,123.99,121.54,122.63,7736.9339578
1379980800,122.81,124.01,121.77,123.86,10183.16714023
1380067200,123.86,125,123.23,123.25,8053.18440092
1380153600,123.32,124.9,123,124.84,7784.84320927
1380240000,124.84,126.96,124.35,126.95,12117.32341602
1380326400,126.95,127,124.01,126.54,6320.25836432
1380412800,126.54,128.8,126.08,127.01,6745.39450444
1380499200,127.01,127.53,122.77,126.25,11530.52471883
1380585600,126.25,127.93,125.54,127.33,7513.8349608
1380672000,127.31,127.8,85,103.85,60639.38898698
1380758400,103.85,118.79,102,117.63,26112.7638711
1380844800,117.63,122.98,116.48,121.94,13194.57595434
1380931200,121.94,122.29,121.11,121.2,2942.63601131
1381017600,121.25,122.49,121.13,122.49,3926.3413189
1381104000,122.49,124.49,120.11,123.5,11885.13460018
1381190400,123.5,125.17,122.17,124.13,13183.37384894
1381276800,124.5,127.99,122.3,125.9,18933.76126312
1381363200,125.79,126.8,124.9,126.8,11382.14626947
1381449600,126.8,127.42,125.93,127.38,7866.70490823
1381536000,127.38,128,126.01,127.98,7571.27286324
1381622400,127.58,133,127.57,132.82,12574.14780981
1381708800,132.82,138.22,132,135.42,21256.28057191
1381795200,135.43,147.39,134.09,142.76,22232.07911256
1381881600,142.75,147,137.38,137.56,26332.89631674
1381968000,137.54,145,135,143.94,16767.05247967
1382054400,143.94,154.69,143.23,152.89,23007.23097591
1382140800,152.89,172,152.44,166,37966.98264041
1382227200,166,166.6,162.54,166.59,5667.34588161
1382313600,166.6,181.93,166.05,180.13,33107.72111019
1382400000,180.13,196.27,179,189.75,41865.06715467
1382486400,189.75,203.96,185,203.96,24326.01475489
1382572800,203.94,206.6,156.2,193.87,55593.92700629
1382659200,194,194,167.67,186.6,32779.54290704
1382745600,186.6,190,177,179.56,9644.32071899
1382832000,179.56,195,179.5,194,10095.56583408
1382918400,194,197.5,190.8,196.62,12248.66455971
1383004800,196.62,205,195.32,204.69,16744.50649074
1383091200,204.69,206,195,197.54,25494.14807001
1383177600,197.58,203.75,195.1,203.54,13741.49074655
1383264000,203.54,203.54,200.23,202.15,4962.80900171
1383350400,202.14,205.15,201.2,204.86,6600.0982594
1383436800,204.86,210,203.51,210,11227.96295973
1383523200,210,230.4,207.22,226.83,28261.78814843
1383609600,227.29,250.79,226,242.9,42583.7008287
1383696000,242.9,265,241.11,263.24,40026.70686769
1383782400,263.24,297.8,263.24,291,49703.85180124
1383868800,291,334.45,288.81,334,40186.15864335
1383955200,333.9,363.65,298.95,341.24,44361.21177945
1384041600,341.24,341.24,265.01,323,67237.40748143
1384128000,323,349.9,310.1,343.91,26943.37824394
1384214400,343.63,357,340.01,354.96,19748.2815018
1384300800,354.94,399.89,354.94,393.5,38689.80193194
1384387200,393.5,421.97,381,416.95,31638.4774428
1384473600,416.88,431.36,390,412,32323.20623812
1384560000,412.07,447.47,406.92,434.53,17983.46003914
1384646400,434.53,480,434.53,477.38,25991.59517426
1384732800,478.1,669.55,471.23,669.01,57089.07895381
1384819200,669,755,378,536.01,71560.94596711
1384905600,536.01,619,440,599,57711.50722124
1384992000,600,730,580.37,720,30720.73129411
1385078400,720,799.8,683.2,795,25125.12846391
1385164800,795,874.81,785,829.15,20338.86461312
1385251200,829.15,842.78,747,800.05,20130.68748874
1385337600,800.01,838.2,770.1,817.88,23042.05232527
1385424000,811.95,919,801,916.3,29793.02508816
1385510400,915.01,969,879.99,963.98,30325.52974397
1385596800,963.98,1050.18,931,1012.98,36898.59364552
1385683200,1012,1141,988.22,1131.99,21873.31334686
1385769600,1131.99,1163,1080,1119.52,12907.55909135
1385856000,1119.52,1123.11,795.6,955,61544.38082098
1385942400,955,1057,925.16,1047.47,31516.72530827
1386028800,1037.11,1088,1000,1055,12567.59167863
1386115200,1055,1153.27,1052.1,1132.01,14433.50978208
1386201600,1135,1138.58,848.42,1023.87,55262.65698958
1386288000,1020.51,1033.13,796.73,814.91,52688.66174422
1386374400,809.72,844,542.38,693.3,79852.423783
1386460800,693.3,797,651,787,27465.08270962
1386547200,787,899.99,766.66,899.9,28510.03873043
1386633600,899.91,989.6,895.01,979.23,22694.67993333
1386720000,979.07,988,804,879.04,31708.38203134
1386806400,879.04,898.9,832.01,871.22,13973.52413434
1386892800,871.22,920.42,850,885.98,14766.95107866
1386979200,888.47,895,841.01,850.78,7426.55203462
1387065600,850.78,869.98,803.51,862,11638.00040701
1387152000,861.98,864,651.34,691,58806.70410398
1387238400,690.5,750,612.51,673.62,43034.02835938
1387324800,675,680.7,382.21,520,137070.17833806
1387411200,520,700,492.91,685,56734.10927258
1387497600,685.1,719.97,570,610,40959.74061978
1387584000,610,648.88,550,595.03,19218.17096328
1387670400,595.07,690,575.61,612.66,17673.2339864
1387756800,612.66,665,607.77,654.76,13100.16416543
1387843200,654.76,668.8,628.11,652.99,12795.80403043
1387929600,653.57,681.24,636.99,679.01,6653.00965075
1388016000,679.01,764.32,677.57,747,28028.63835784
1388102400,747.83,762.1,702.26,721.08,16261.66282726
1388188800,723.98,736.01,682.22,715,13385.19085317
1388275200,715,732,703.45,728,8121.30581786
1388361600,728,740,722.81,736.51,6600.2391558
1388448000,736.51,739,709,732,7919.32033024
1388534400,732,757.99,729.01,754.9,7907.63786208
1388620800,754.9,798.7,742.5,784.19,15134.16900738
1388707200,784.19,818.99,767.62,809.4,14860.26282816
1388793600,809.4,830,790.2,828.79,10990.14294762
1388880000,828.79,948,826.07,905,24075.9495964
1388966400,905,995,876,919.24,25886.90639128
1389052800,915.8,943,785,785,34063.52120798
1389139200,785,849.79,765,823.45,26315.75852948
1389225600,823.94,848,779.78,824.76,25302.2442016
1389312000,825.5,861.4,799.41,852.61,12846.16052006
1389398400,851.63,909.96,849.51,896.59,16130.91651296
1389484800,895,905,826.46,844.05,12189.17547898
1389571200,844.04,844.05,783.11,823,19366.39159317
1389657600,823.99,837,800,815.99,9729.54391417
1389744000,815.99,850.26,805.18,841.14,12267.77449637
1389830400,841.14,849,810.01,814.4,8215.45166349
1389916800,814.4,821,765,797.2,17114.93953749
1390003200,796.97,817.12,796,810,5486.84152085
1390089600,810,842.07,791.01,842.07,8418.00804502
1390176000,841.5,845,815,826.02,6968.15670477
1390262400,826.02,834.5,814,824.89,7669.59937021
1390348800,824.89,824.99,801,819.2,8309.09407494
1390435200,819.2,823.28,801.1,812,7395.00949206
1390521600,810.95,811.74,767.02,780,15775.20253781
1390608000,780,817,773.4,806.8,8705.5640134
1390694400,806.8,834,795.01,814.75,9704.13726187
1390780800,814.67,823,725,751.95,25194.23662664
1390867200,750.95,812.93,740.01,788,20042.81613687
1390953600,785.51,804.95,781.99,794.21,7044.52156243
1391040000,794.21,812.44,770.7,799.99,13125.54815594
1391126400,799.99,809.98,791,803,7728.16005641
1391212800,803,827.38,802.59,813.23,8296.06416747
1391299200,813.23,825.21,810.23,814.99,4075.68246141
1391385600,814.94,815,800.5,808.5,4931.83355028
1391472000,806.99,812.98,796.83,802.99,7592.00316474
1391558400,802.99,810,775,782.33,8479.50233561
1391644800,780.01,803,752,763.99,20652.60674868
1391731200,764,766.45,619,705.01,66362.25784175
1391817600,705.01,723,662.01,680.49,13501.11536102
1391904000,680.49,755.42,666.21,687.37,15061.93270719
1391990400,687.37,713,530,687.81,71860.53695222
1392076800,688.34,720,631,675.1,40062.43735234
1392163200,675.1,685.19,631.58,651.99,15511.78725823
1392249600,650.04,660,601.54,604.11,28145.8136164
1392336000,609.4,712.9,538.01,669,68378.14539627
1392422400,669,673.17,628.88,655.83,20762.64009438
1392508800,655.83,670,590.01,621,26397.57091925
1392595200,621,664.99,610,633.66,19902.4393218
1392681600,633.66,650,609.99,627.7,14833.93993495
1392768000,627.7,636,617,623.01,11128.47837448
1392854400,623.01,631,560.9,561.86,34966.69850131
1392940800,561.86,589,530.01,581.35,29612.93711462
1393027200,581.35,619.88,562.15,610.88,18076.09102116
1393113600,610.77,646,599.78,610.09,20868.15490482
1393200000,609.9,629,514.02,535.49,51840.81217712
1393286400,535.49,545.8,400,535,115761.98662156
1393372800,534.34,610,530,585.24,49110.90216434
1393459200,585.24,599.99,571.22,583,17048.07050459
1393545600,583,591.39,541,551.89,22634.32498739
1393632000,551.8,576,535,567.48,14303.9416427
1393718400,567.48,570.99,553,566.24,6437.39852141
1393804800,565.38,710,562.02,677.69,64914.82037014
1393891200,677.69,702.24,633.64,673,28031.31700336
1393977600,673.27,679.97,651.9,669.99,12719.614182
1394064000,669,675.71,650,669.57,10404.69739337
1394150400,669.57,670,613.45,632.79,21449.42620587
1394236800,632.79,639.79,604.5,620,9699.02131269
1394323200,620,653,613.03,640,9121.47474745
1394409600,638.4,646.59,609,629.39,13350.32162609
1394496000,629.39,644.44,614.17,632.1,9166.62008516
1394582400,632.1,656.95,628.8,634.95,12741.36127291
1394668800,634.95,650,632,641.01,6728.15269572
1394755200,641.02,645,625.29,630.42,8676.83483514
1394841600,630.42,639.88,625.32,637.24,2202.21801447
1394928000,637.24,639.39,629.02,634.99,3296.50753371
1395014400,634.99,634.99,619.46,621.11,9165.08796086
1395100800,621.11,624.17,591.13,612,14907.79764662
1395187200,612,623.95,605.11,611.2,7079.91716071
1395273600,611.2,611.3,578.66,587.98,10906.66527996
1395360000,585.6,607.88,556,570,22418.17284294
1395446400,569.99,571.99,541,565.31,13614.29823426
1395532800,564.31,569.48,556.74,561,6098.75124042
1395619200,558.22,592.6,547,585.99,13674.05994214
1395705600,585.9,587.48,568.86,583.77,8107.38220171
1395792000,583.77,592,565,581.49,10310.36256376
1395878400,581.48,581.59,466.1,475,49205.95632382
1395964800,475,532,468.3,502.01,34960.0555779
1396051200,502.01,508,486.97,491.99,7446.55826452
1396137600,491.99,492,436,460,31437.04543486
1396224000,460,486.7,438,454.83,20986.65095993
1396310400,454.81,509.98,452.04,478.98,22904.80786015
1396396800,478.98,494.98,430,439,34478.66605231
1396483200,438.9,465,416.11,451.03,26944.97730513
1396569600,451.03,459.5,430.77,452.2,15699.31017002
1396656000,450,464.8,441.25,464.8,6467.31793588
1396742400,464.8,465,450.2,456.27,5283.84837762
1396828800,459.97,464.19,446,447.11,7419.24793683
1396915200,447.11,459.8,446.24,453.57,5844.4224734
1397001600,453.57,457.3,438.08,441.69,8006.6040704
1397088000,441.69,442.46,357.57,363.12,49713.84445346
1397174400,363.1,432.22,339.79,423,42124.74577436
1397260800,423,439.5,413.72,423.42,10809.0520644
1397347200,424.91,427.75,397.16,416.3,11017.88490469
1397433600,416.29,475,408,458.5,33640.67485637
1397520000,459.99,528.75,453.16,521,32622.07731475
1397606400,523.1,548,494.02,530,30710.47011727
1397692800,529.26,533.8,481.63,500.09,20052.70199809
1397779200,500.09,506.97,470,483.11,11142.839766
1397865600,482.1,507.43,472.81,503.8,10268.73294781
1397952000,503.8,516.53,493,500,5798.58019722
1398038400,500,515,490,496.74,8377.05680943
1398124800,497.98,504.9,485.2,490,8521.46548043
1398211200,490,495.2,484.61,492,5696.00906268
1398297600,492,505,480,502.2,7952.77348869
1398384000,502.15,503.99,438.05,466.52,33416.96300818
1398470400,466.71,470.96,451.07,459,8812.12009945
1398556800,459.22,461.97,429.95,430,9312.34600754
1398643200,430,452.16,424,442.9,18282.9859723
1398729600,442.9,454.47,432.02,448,13844.63506405
1398816000,448,453.99,433.08,448.85,10757.36482184
1398902400,449,465.88,447.97,460.97,9556.03788617
1398988800,460.97,462.99,444.51,454.5,8269.89141728
1399075200,454.5,454.5,431,439,7431.62647961
1399161600,439,442.83,429.55,438.04,5154.40779439
1399248000,435.88,445,425,433,8188.08279477
1399334400,433,434,420.27,428.01,8041.19841525
1399420800,429,452,425.67,440,13248.34902294
1399507200,440,450.08,437.61,437.69,6326.64918367
1399593600,437.69,457.08,437.69,452.37,8282.11115483
1399680000,452.37,459.24,449.79,455.39,4130.38790298
1399766400,455.39,458.2,429.6,440,8863.68574441
1399852800,437.67,443.77,431.56,442.5,4582.44144849
1399939200,442.48,442.75,430.61,439.12,5969.67167394
1400025600,439.12,449.96,438.36,446,6398.98824957
1400112000,444.07,452.67,444.02,446,5496.48180562
1400198400,446.27,452.41,444.5,447.31,3667.08110965
1400284800,447.55,451.48,445.01,449.06,2295.07351646
1400371200,449.06,451.43,444.52,446.91,2498.74305537
1400457600,446.91,450,441.44,448.34,4723.48939284
1400544000,448.34,500,447.14,489,28210.08506636
1400630400,489,499.1,487.11,493.98,7111.8995869
1400716800,493.98,530,492.65,529.99,17439.03492533
1400803200,529.99,547.1,518.55,523.77,19619.56224587
1400889600,523.75,529.06,515.4,528.44,5528.52161577
1400976000,528.44,586.34,527.09,573.9,19782.59517625
1401062400,573.5,593.48,565.58,581.88,11633.71988586
1401148800,581.87,595,550.22,572.7,19805.25778576
1401235200,572.7,582.26,563.45,580.66,8980.55145796
1401321600,580.66,582.1,560.05,572.37,8110.31804184
1401408000,572.37,629.4,568.56,621,22502.94353545
1401494400,621,628.5,611,627.8,9696.70747452
1401580800,627.8,683.26,618.53,630.99,24149.97945797
1401667200,630.99,678,613.03,661.22,20087.27572293
1401753600,662,680.99,649.61,670.14,13572.80908815
1401840000,668.9,673.61,621.86,640.59,17375.56805213
1401926400,640.55,669.63,639.69,661.48,10724.8128158
1402012800,661.46,662.13,647.16,647.16,6452.18388554
1402099200,647.16,657.13,635.88,657.13,5749.30472799
1402185600,657.13,661.11,651.7,658,2600.8503958
1402272000,658,659,639.93,648.83,6798.26691408
1402358400,648.83,657.41,642.45,648.55,5909.59291707
1402444800,648.55,652.39,615,620.5,10429.62396539
1402531200,623.81,630.36,550,569.1,24822.48984168
1402617600,569.98,611.99,563,592,18670.61329898
1402704000,592,593.53,538.38,566.58,16567.97164988
1402790400,566.58,593,552.11,588.55,8807.69919892
1402876800,592,610,582.01,586.91,10767.8271681
1402963200,587,610.2,580,606.48,6588.30888155
1403049600,606.48,616,599.9,607,6744.90183982
1403136000,607.99,609.98,590,593.4,4638.14295037
1403222400,593.41,598.68,580.51,588.02,6709.97949424
1403308800,590,594.99,580,591.29,2949.19025766
1403395200,591.33,605.05,587.82,600.34,3856.98903213
1403481600,600.34,601,580.46,588.22,5295.94498307
1403568000,588.22,588.25,572.1,572.62,6502.14511419
1403654400,574,579.7,554.45,560.4,8893.45697276
1403740800,560.4,580.11,557.2,579.99,4674.87892834
1403827200,580.09,600,574,599.99,9183.33155023
1403913600,599.99,604.21,589.56,589.56,3084.68947887
1404000000,591.46,601.79,589.56,599.89,1593.33179969
1404086400,599.86,647.09,595.51,641.11,15516.12603652
1404172800,640,658.88,638,638.25,9497.73976296
1404259200,638.25,658.75,638,650.5,5305.55272768
1404345600,650.49,652.79,638.79,645.99,4969.91178981
1404432000,648.48,650.48,616.3,629,8739.04642335
1404518400,628.81,632.97,623.23,630,1830.57985986
1404604800,630.9,639,622.86,630.57,3334.94354159
1404691200,633.87,636,612.9,622.09,7109.07789511
1404777600,622.09,626.22,616.89,623.98,2675.17329599
1404864000,623.98,626.88,618.71,621.97,2303.75559449
1404950400,621.96,623.93,607.9,616.87,6335.71200097
1405036800,616.87,635,613.46,635,6094.53367548
1405123200,634.99,642.57,628.7,638.1,3794.25754759
1405209600,637.9,638.73,626.09,630.88,4158.79112509
1405296000,630.88,632,616.84,621.17,3827.4245259
1405382400,621.15,626.25,616.09,622.9,3535.74807055
1405468800,622.9,625,610.01,616.86,5348.93295307
1405555200,617.39,629,610,622.2,4902.142579
1405641600,626.3,632.96,618.46,632.6,5026.34015101
1405728000,632.59,632.6,625,628.63,1923.59164607
1405814400,630,630,620,627,1467.59140174
1405900800,626.98,628,615,622.73,3959.6554446
1405987200,622.63,624.99,618.26,618.26,3364.10445806
1406073600,619.99,623,615.51,621,4040.73704089
1406160000,620.95,621.99,591.12,601.66,10241.00858618
1406246400,603.96,609.65,592.97,602.93,4843.77880284
1406332800,602.93,603,590,596.23,3607.97621754
1406419200,596.23,602.83,589,590.3,3792.78527365
1406505600,592.61,596,570.5,586.53,10539.93211413
1406592000,589.88,591.95,578,585.95,4084.10767328
1406678400,585.93,586,557.12,563.84,10498.74204272
1406764800,563.83,590,555.9,582.04,9383.41349936
1406851200,583.54,607.2,581.77,598.2,11939.59492142
1406937600,597.84,599.09,584.95,589.59,3529.71854524
1407024000,589.6,591,578.21,588.91,2802.92118247
1407110400,588.96,595.7,581.8,588.5,5259.62783511
1407196800,588.5,589,578.25,581.76,6905.3529219
1407283200,581.75,586.36,576.44,581.16,7580.22972012
1407369600,581.16,591.9,579,585.84,4436.02538924
1407456000,585.84,595,584,588.02,4367.06223673
1407542400,588.99,591.35,585.21,587.97,1626.62584577
1407628800,589.82,597,586,590.96,3211.09141939
1407715200,590.98,590.99,571,573.98,6086.60291397
1407801600,574.55,574.59,561.9,566.69,6463.80393643
1407888000,569.39,572,524.55,548.81,25509.09742988
1407974400,549.85,551.86,497,507.99,25826.72212001
1408060800,507.99,521.79,481.55,500.25,16594.58663564
1408147200,502.48,529.8,485,521.97,12657.92306735
1408233600,523.47,524.8,485.39,496.86,10314.49245533
1408320000,498,510,442,475.22,28851.03396159
1408406400,474.74,493.98,453.01,491.98,17807.05682966
1408492800,491.98,527.01,466,516.39,19220.07652475
1408579200,516.39,534.14,510,519.28,14187.29751604
1408665600,519.29,528,500.01,514.65,15393.04567173
1408752000,514.65,514.69,487,497,8432.27651658
1408838400,496.96,515.95,495.02,507.85,5765.3573197
1408924800,507.84,508.46,496.79,503.82,5773.91627729
1409011200,503.74,516,502.27,512.18,6716.16026767
1409097600,514.4,523.09,510,511.87,7791.96468822
1409184000,511.87,514.98,505.93,506,7119.02351699
1409270400,506.94,514.98,501.25,509.3,7246.60661668
1409356800,509.3,509.42,498.13,500.85,4403.40225745
1409443200,501.49,504.75,473.33,479.04,11289.83523732
1409529600,479.01,490,472.01,474.54,9091.87194074
1409616000,475.89,484.61,470.42,474.5,7333.51314038
1409702400,474.5,477.99,471,474.89,4742.88446091
1409788800,474.86,497,471.04,487.43,10793.6031862
1409875200,489.61,489.96,473.03,477.65,5212.43495157
1409961600,477.65,485,477.16,479.78,2770.79627418
1410048000,479.99,483,474.95,475.43,2858.65175279
1410134400,477.4,478.39,456.3,468.33,14567.96157896
1410220800,468.32,476.4,459.18,473.2,9121.83125763
1410307200,473.34,492,473.32,476.57,11509.59447324
1410393600,477.78,480,465,475.9,7936.72859426
1410480000,477.43,478,462,474.62,6097.71157068
1410566400,473.08,480.13,467.43,477.98,5828.26364902
1410652800,477.99,481.58,473.59,475.49,3884.67652657
1410739200,475.47,479.62,467.76,469.47,6221.85047546
1410825600,469.47,473.69,462,462.02,5948.7590007
1410912000,463.48,465.57,443.57,452.09,12477.77437895
1410998400,452.99,452.99,407.94,425,22063.88469165
1411084800,426.62,429,378.78,395.86,29732.72036196
1411171200,395.86,431.11,390,408.76,19916.52493458
1411257600,410.92,413.53,390,399.55,14182.71565192
1411344000,400.77,409.38,396.26,400.07,10803.01757962
1411430400,399.77,452.67,393.6,438.97,26999.29385
1411516800,440.85,441.78,418.83,423.68,14141.19892519
1411603200,423.57,423.9,400,408.76,15016.869054
1411689600,410,414.35,396.53,403.57,9921.11699487
1411776000,405.08,408.99,396.57,401.77,5472.59979258
1411862400,399.16,403.99,368.9,375.35,16139.76492826
1411948800,375.35,386.03,365.2,374.2,20026.50713044
1412035200,374.17,397.75,371.8,391.09,14289.95929522
1412121600,389.56,393.79,377.01,384.86,13037.59844952
1412208000,384.85,385.82,372,374.68,10414.19712293
1412294400,376.29,378.11,353.75,358.74,20408.97505396
1412380800,358.71,365.07,322.04,326.21,28981.80406599
1412467200,326.24,339.43,275,323.52,61726.3716087
1412553600,322.82,347,295.89,328.59,69537.66216756
1412640000,328.56,336.99,312.37,334.8,22961.89001301
1412726400,334.8,359,326.93,355.73,28614.8310651
1412812800,355.73,395.55,349,364.01,47817.25004767
1412899200,364.01,380.08,351.1,360.89,20543.27563738
1412985600,360.85,368.06,352.1,362,9973.2687058
1413072000,362.77,383.6,354.71,378.11,14250.47171152
1413158400,378.48,405,368.07,392.6,26083.74635605
1413244800,392.99,417.99,390.48,403.38,24822.16245713
1413331200,402.01,404.32,385.92,394.52,19147.69042041
1413417600,394.52,399,370.1,383.95,22776.51542094
1413504000,384.19,386,370.96,383.65,10507.82628734
1413590400,383.2,397.29,377,390.58,7074.8254279
1413676800,390.59,394.25,385,387.53,3242.37367978
1413763200,389.06,390.65,376.2,381.21,12081.79942479
1413849600,381,393.55,378.98,385.81,7953.32305008
1413936000,385.79,388.87,380,382.04,8315.65019597
1414022400,382.05,384.55,352.4,357.18,21058.44056541
1414108800,356.81,363.71,344.34,358.86,15639.50451721
1414195200,358.78,359.1,341.22,348.69,11095.79913905
1414281600,348.69,363,344.5,355.18,7916.85437019
1414368000,355.19,358.65,349.21,350,9540.67167766
1414454400,351.03,359.5,350.09,356.96,7003.9364508
1414540800,355.71,355.99,333.33,335.7,13256.25448124
1414627200,336.37,352.83,332.99,346.14,14119.76518683
1414713600,346.14,347.96,335.5,337.99,7525.75724528
1414800000,337.99,339.47,316.61,324.7,14970.5578556
1414886400,324.55,329,318.24,324.36,8335.4168615
1414972800,324.23,333.99,322.74,325.5,11276.27248027
1415059200,326.45,332.9,320,330.22,13703.07796895
1415145600,329.96,344.17,328.8,338.38,15373.39989187
1415232000,338.37,353.1,336.27,349.99,14288.79665307
1415318400,349.99,352.15,340.4,342.16,7243.12542476
1415404800,342.16,347.75,340.6,345.39,3771.0324892
1415491200,346.19,366.35,343.4,364.77,10537.15947888
1415577600,365.37,377.77,357.3,366.43,19273.07459974
1415664000,366.43,371.52,360.28,370.65,7702.42181852
1415750400,370.09,434.8,369.85,426.63,44040.4020956
1415836800,426.64,453.92,381.55,420.93,49884.51198201
1415923200,417.85,420.3,382.95,399.98,21657.71043489
1416009600,399.97,407.22,369,376.99,14428.76907096
1416096000,376.97,395,375,389.86,9680.49225548
1416182400,389.86,415,375,387.69,24309.43918879
1416268800,388.72,394.64,371,374.88,15205.2559529
1416355200,374.87,386.39,371.7,379.03,8984.9812234
1416441600,379.04,381.8,351.8,356.47,16380.89470034
1416528000,356.47,358.49,342.05,351.2,15248.88656337
1416614400,351.19,365.93,350.7,353.12,6705.69768625
1416700800,354.29,373.5,353.01,367.17,7971.8468309
1416787200,367.17,389.99,366.67,375.99,19079.67673317
1416873600,375.99,395.11,374.31,377.37,16156.69521149
1416960000,377.05,379.22,363.38,368.5,13021.29404586
1417046400,368.5,375.33,366.37,369.98,6218.38973362
1417132800,369.98,381.34,358,376.86,13791.86724228
1417219200,376,386.6,372.25,375.49,7252.09196527
1417305600,375.48,381.99,373.32,377.01,3085.29878738
1417392000,376.09,382.31,373.03,376.53,6937.82496739
1417478400,376.53,382.86,375.23,379.52,6550.77898256
1417564800,379.52,383,374.01,375.33,8457.23114708
1417651200,376.61,378.99,360,369.16,12332.87330712
1417737600,369.89,377.89,365.61,376,8600.51463149
1417824000,376,376.99,371.31,374.38,2386.1287834
1417910400,375.05,377.5,373.16,377.26,2490.66834657
1417996800,376.03,377.26,359.01,361.3,12336.72926731
1418083200,362.74,364.59,343.97,352.03,19034.12180696
1418169600,352.02,353.74,345,345.21,6964.18847778
1418256000,345.22,364.43,339.8,348.9,16159.74714638
1418342400,348.88,358.59,348,352.24,8079.63021756
1418428800,353.33,354.41,347.03,351.67,3845.24282719
1418515200,351.67,359.3,347.44,356.52,6538.8930965
1418601600,357.3,357.3,346.21,349,8092.84138056
1418688000,348.85,349.35,327.34,329.05,18183.37192451
1418774400,329.05,335.99,315.23,322,22891.99364168
1418860800,321.96,325.61,304.99,312.67,21603.61278539
1418947200,312.65,320,307.11,318.33,15995.61891376
1419033600,318.58,333,316.52,331.79,11378.8885085
1419120000,331.77,332.31,318.78,320.01,6358.0824846
1419206400,320.88,333.99,319.9,331.56,11812.76642619
1419292800,332.52,338.99,327.49,336.92,7679.77400906
1419379200,336.9,336.9,320.92,323.06,5884.87599768
1419465600,323.03,323.72,316.63,319.86,3888.24814964
1419552000,319.85,332,316.64,328.27,6406.26442873
1419638400,329.31,329.31,311.63,316.47,8687.53555717
1419724800,316.47,319.56,311.22,317.64,4121.07585359
1419811200,317.64,320.14,310.26,313.01,6929.62620397
1419897600,313.36,316.77,310,311.07,8885.65978227
1419984000,311.1,321,310.69,321,6338.20111979
1420070400,321,321,312.6,313.81,3087.43655395
1420156800,313.81,317.01,311.96,315.42,3468.28137523
1420243200,315.42,316.58,280,282,21752.71914628
1420329600,280,289.39,255,264,41441.27855287
1420416000,264.55,280,264.07,276.8,9528.27100203
1420502400,276.8,276.8,276.8,276.8,0
1420588800,276.8,276.8,276.8,276.8,0
1420675200,276.8,276.8,276.8,276.8,0
1420761600,276.8,305,272.45,293.97,9914.24959431
1420848000,293.89,295,271.03,275.59,29448.7778452
1420934400,275.6,280.94,262.08,266.39,12758.94904418
1421020800,266.34,272.43,263.54,267.42,10478.25021362
1421107200,267.1,268.15,216,227,60556.16271657
1421193600,227.01,230.89,152.4,171.41,124188.88508262
1421280000,172,233.9,168.5,210.98,83488.41618527
1421366400,210.69,223.15,198.04,208.03,34723.34835252
1421452800,208.02,212.84,192.17,199.69,19121.88947943
1421539200,199.69,222,195.02,211.85,18205.18036191
1421625600,211.85,220.94,207.7,216.34,13037.39910942
1421712000,216.01,216.81,201.98,210.65,14129.24018574
1421798400,211.94,228.9,205,227.16,23160.65691071
1421884800,227.75,239,226.01,234.08,25405.32961321
1421971200,234.08,240,225.55,233.64,15268.26848621
1422057600,233.64,249.99,230.03,249.19,13793.77647935
1422144000,249.33,257,241.33,255.31,28760.92842785
1422230400,254.67,309.9,254.67,274.8,55829.61359418
1422316800,274.76,278.51,243.1,263.98,21159.82627628
1422403200,263.97,266.45,225.91,236.07,28092.33473262
1422489600,236.07,242.18,220,235.79,26012.16941088
1422576000,235.12,244.98,225.52,228.98,20614.83694356
1422662400,228.96,234.8,215.75,216.9,19208.27905286
1422748800,218.04,233,208.48,226.93,18408.25262142
1422835200,226.93,241.98,221.79,238.47,15612.79489965
1422921600,238.38,244.39,223.79,227.99,17499.53324051
1423008000,227.99,231,220.02,227,14983.46398269
1423094400,226.93,229,210.43,216.81,12982.78595784
1423180800,216.46,225.86,210.59,223.37,10951.78709403
1423267200,223.44,231.14,221.77,228.3,9663.67430958
1423353600,228.3,232.89,217.28,223.88,13775.00949471
1423440000,223.92,225.99,215,220.9,19473.95664749
1423526400,220.91,222,215,220.42,6882.64684416
1423612800,220.42,223.43,217.99,219.55,10676.2930765
1423699200,219.57,223.09,218.01,223,6964.60636718
1423785600,223.02,242.35,221.37,237,21412.45902435
1423872000,237,259.31,236.9,256.99,19824.7530547
1423958400,256.81,267.92,227.75,235.63,29173.27099242
1424044800,235.61,241.23,229.2,234.7,12394.82940626
1424131200,234.69,248.78,232.01,244.7,13121.54112887
1424217600,244.7,247,232.01,237.37,12821.91161908
1424304000,237.37,245.01,235.59,240.59,8704.33972786
1424390400,240.61,249.32,239.41,245.48,9342.68925514
1424476800,245.48,247.8,244,245.41,2982.21200485
1424563200,245.41,247.42,232.48,236.5,7751.74971592
1424649600,236.5,241,232.05,239.65,6327.72647507
1424736000,239.63,240.97,236.07,239.55,5144.11355689
1424822400,239.55,240.98,236,237.97,3810.53504108
1424908800,237.97,238.55,234.01,236.84,5492.00801445
1424995200,236.84,256.15,236.16,252.78,22012.00337072
1425081600,252.78,254.56,245.2,253.47,5626.62832387
1425168000,253.45,260.25,245,258.34,9678.17855999
1425254400,258.34,277,255.61,274.93,18015.2597941
1425340800,274.93,284.95,265.89,281,20977.32087667
1425427200,281.03,283.88,264.94,270.78,14313.16689305
1425513600,270.72,280.5,262.2,273.09,11428.33845657
1425600000,273.46,276.46,269,272.68,6853.27991548
1425686400,272.61,279.48,270,276.71,5716.65477613
1425772800,276.71,277.57,271.12,275,4430.69079482
1425859200,275,289,274.17,287.12,11996.31878526
1425945600,287.12,296.8,283.96,290,13129.06090198
1426032000,290,296.79,285.83,296.54,6737.50300267
1426118400,296.29,297.95,289,295.31,7880.67396576
1426204800,295.66,295.66,282.99,283.25,9610.54940209
1426291200,283.25,287.69,280.46,282.01,5375.79972728
1426377600,282.36,287.75,281.42,286.75,2430.04567943
1426464000,286.75,294.26,285.78,289.27,6499.91827306
1426550400,289.27,292.99,281.9,282.8,6447.41955337
1426636800,282.8,284,249.02,256.45,21654.68207136
1426723200,256.59,265.95,249,261.81,15017.74171871
1426809600,261.97,265.27,257,261.96,5678.38004156
1426896000,261.92,262.49,256.25,260,4623.89487205
1426982400,260,272,259.24,267.74,5976.83852547
1427068800,268.28,270.07,259.5,265.94,8658.47290411
1427155200,265.98,266.52,241.84,245,19085.78920377
1427241600,245.29,250,236.4,246.94,12881.632767
1427328000,246.99,253.75,244.91,249.23,8385.93723302
1427414400,249.23,250.52,245.12,247.94,6089.84638076
1427500800,247.93,253.83,247.25,252.87,5685.6395593
1427587200,252.91,252.96,239.96,242,6690.22838851
1427673600,242,248.86,236.52,247.95,7951.74713786
1427760000,247.95,248.59,238.55,244.24,8114.08955665
1427846400,244.24,246.83,239.32,246.69,6226.01646439
1427932800,246.68,256.96,244.52,253.28,9806.82220308
1428019200,253.22,256.67,251.23,254.19,5048.57737559
1428105600,254.19,255.85,250.76,253.7,2769.28165782
1428192000,253.7,261,251.65,260.54,5759.36016001
1428278400,260.54,262.98,254,255.58,5960.67763299
1428364800,255.54,256.62,251.5,253.72,6010.26758151
1428451200,253.71,254.96,243.06,244.58,11663.65615515
1428537600,244.84,246.3,238.47,243.43,7943.71054055
1428624000,243.75,243.94,231,235.99,11549.63065654
1428710400,235.99,239.42,233,236.15,4108.50400057
1428796800,236.09,237.5,233.42,236.5,3173.32765095
1428883200,236.42,236.9,219.64,223.15,13924.2267056
1428969600,222.97,224.79,210,215.8,18582.18957531
1429056000,215.78,222.88,214.05,222.88,9949.32442139
1429142400,222.83,229.67,222.44,227.5,10834.87328684
1429228800,227.5,228.29,220,222.6,7928.39539992
1429315200,222.6,224.72,220.32,223.4,4620.31557899
1429401600,223.35,227.35,221.91,222.54,5901.49567575
1429488000,222.54,226.51,221.43,224.3,5966.8612393
1429574400,224.3,236,223.91,235.74,9923.67825035
1429660800,235.71,238.64,229.1,233.45,10710.5002402
1429747200,233.25,236.22,232.01,235.98,8352.85732174
1429833600,235.61,236,228,230.24,8543.66710734
1429920000,231.04,232.29,225.7,226.12,5286.09859352
1430006400,226.12,227.26,214.98,219.52,11238.3562881
1430092800,219.52,229.93,217.52,227.23,13816.49148053
1430179200,227.17,227.56,221.45,225.16,9345.78320741
1430265600,225.18,226.99,221.81,225.48,8668.36064954
1430352000,225.48,240,224.6,236.2,12490.20235984
1430438400,236.47,239.23,230.51,231,6687.12335919
1430524800,231.05,234.9,229.87,233.83,4350.05906771
1430611200,233.83,242.25,232.31,239,4407.81416718
1430697600,239.73,242.2,236.07,238.34,7504.68875392
1430784000,238.22,238.78,229.66,235.12,8621.54731857
1430870400,235.18,235.94,227.01,228.49,8623.82721204
1430956800,228.34,240,227.35,236.87,11062.64912012
1431043200,236.92,246.57,235.29,243.2,9486.75496765
1431129600,243.22,247.01,238.62,241.96,5499.60615915
1431216000,241.83,244.99,238.02,239.13,3520.24220877
1431302400,239.13,244.51,237.99,241.3,9690.63948632
1431388800,241.3,242,237.54,241.03,8418.71568249
1431475200,241.03,244.14,235.06,235.97,9332.46630536
1431561600,235.97,239.7,232.22,237.13,7530.5008083
1431648000,237.13,239.28,235.12,237.37,4536.92896144
1431734400,237.37,237.4,234,235.66,3116.78947332
1431820800,235.66,237,234.15,235.97,2645.16140795
1431907200,235.69,236.94,231.44,232.87,7443.21982028
1431993600,233.03,234.24,230.86,231.4,5568.27679815
1432080000,231.4,234.86,231,234.43,7823.35662916
1432166400,234.4,236.52,233.75,235,4609.28122677
1432252800,235,240.9,232.92,238.99,10451.79948446
1432339200,238.99,240.67,237.4,237.76,3216.27981892
1432425600,237.76,241.64,237.66,239.22,2921.54797112
1432512000,239.22,240.1,233.1,235.59,5625.08705698
1432598400,235.59,237.96,234,235.71,8590.07576695
1432684800,235.71,237.35,234,235.17,8572.87348853
1432771200,235.32,236.8,234.87,236.46,5005.98078357
1432857600,236.46,236.52,234,236.03,6165.89141257
1432944000,236.03,236.03,231,232.11,4245.94446818
1433030400,232.11,232.51,228,228.91,4372.2083097
1433116800,228.91,231.2,220.65,223.51,12184.9625438
1433203200,223.5,226.38,221.34,225.18,7744.87861592
1433289600,225.17,226.99,222.57,224.27,5815.57316073
1433376000,224.8,225.98,222,222.99,4822.40910993
1433462400,222.99,225.9,219.03,224.4,8396.71286165
1433548800,224.4,225.26,223.07,224.99,2772.3311628
1433635200,224.95,225.48,221.86,222.7,3324.38263427
1433721600,222.65,229.4,222.31,228.17,8986.86692341
1433808000,228.17,230.79,226.67,228.7,9129.70788714
1433894400,228.7,229.75,226.83,227.8,6284.74068336
1433980800,227.88,229.57,227.25,229.03,4727.31485975
1434067200,229.14,230.7,228.29,229.4,5887.14828702
1434153600,229.4,232.04,228.06,231.64,4009.80463805
1434240000,231.64,234,230.94,232.09,3586.28113849
1434326400,232.08,237.09,231.55,235.92,10505.58465516
1434412800,236,252.05,234.35,250.09,17954.59381244
1434499200,250.09,257.39,243.2,247.76,16951.14131427
1434585600,247.76,251.58,240,248.4,11145.12980575
1434672000,248.4,249.93,242.14,243.7,6783.07499263
1434758400,243.75,245.56,239.93,244.76,4434.68706015
1434844800,244.65,245,241.06,243.64,1946.29303002
1434931200,243.6,247.99,242.64,246,5149.76385851
1435017600,245.99,247.25,242.14,243.74,4953.90339619
1435104000,243.85,243.99,238.2,240.19,6723.31332443
1435190400,240.19,242.9,239.18,241.98,5002.93130218
1435276800,242.08,243.44,240,242.98,5271.85106551
1435363200,242.98,252,242.36,251.21,7101.10270435
1435449600,251.28,251.28,247.04,248.62,6104.31220293
1435536000,248.62,256.94,248.3,256.04,15393.104327
1435622400,256.04,268,255,262.5,19902.44384422
1435708800,262.58,265.25,253.81,257.62,13395.15343894
1435795200,257.62,260.77,253.19,254.54,9826.99478118
1435881600,254.54,256.44,252.4,255.92,9153.85256545
1435968000,256.06,261.28,254.05,260.2,7909.85672863
1436054400,260.2,274.74,258.75,271.5,21362.61364984
1436140800,271.39,278.54,267.13,268.51,20027.86146803
1436227200,268.53,271.69,264.01,265.51,13755.62997586
1436313600,265.67,273.24,263.01,270.63,16042.26828995
1436400000,270.63,271.98,265.92,268.92,13906.64445122
1436486400,268.98,294.71,268.63,285.23,29151.3133528
1436572800,285.23,298.05,283.88,291.64,11693.22435391
1436659200,291.64,317.99,291.64,310.55,22497.46770684
1436745600,310.55,310.73,281,292.68,29775.97907189
1436832000,292.54,297.13,286.02,287.55,10361.07958336
1436918400,287.49,293.7,284.29,285.67,9798.37507573
1437004800,285.67,292.4,274.92,277.89,21103.34158645
1437091200,277.89,280.73,272.31,279.43,11477.05542457
1437177600,279.43,283,276.73,276.79,9362.07781804
1437264000,276.74,278.1,275.01,275.47,5289.04082007
1437350400,275.47,279.35,274.62,278.96,8818.52863456
1437436800,278.95,281.07,276.28,276.76,9000.55491406
1437523200,276.49,277.97,275,277.68,8318.46305673
1437609600,277.5,278.55,275.79,276.61,6439.61293326
1437696000,276.61,290.53,275.9,289.01,15854.09655813
1437782400,289,292,286.5,288.78,7545.88543693
1437868800,288.78,294,287.41,293.19,5298.46650719
1437955200,292.85,297.44,286.43,294.29,14650.73287048
1438041600,294.03,297,292.19,294.01,8799.04307675
1438128000,294.01,294.57,287.27,289.85,10236.16252198
1438214400,289.85,290.08,284.53,288.01,8108.62119163
1438300800,288.01,289,281.8,284.33,7902.76753725
1438387200,284.33,285.16,276.66,280.19,7104.06661942
1438473600,280.19,282.9,276.57,282.32,4530.17731374
1438560000,282.32,285.8,279.52,280.43,6310.6073655
1438646400,280.43,285.88,280.43,285,6206.11834372
1438732800,285,285.86,280.63,281.13,6549.54626379
1438819200,281.13,281.65,276.6,277.48,7123.8125234
1438905600,277.48,280.43,274.19,279.63,8664.80904921
1438992000,279.94,279.97,260.41,262.19,10269.86845712
1439078400,262.19,268.95,261.01,265.05,8870.57957844
1439164800,265.05,266.79,261.6,264.33,9697.41976405
1439251200,264.11,271.5,264.07,271.15,8394.1157499
1439337600,271.15,271.16,265.71,267.73,9520.31458102
1439424000,267.53,267.88,262.32,264.48,10710.97419941
1439510400,264.48,266.99,262,265.4,8012.6030534
1439596800,265.57,266.5,260.45,261.46,5485.63052139
1439683200,261.46,262.2,254.01,256.11,9633.27576804
1439769600,256.11,259.12,254.63,256.47,8655.18980482
1439856000,256.47,256.99,221.11,224.8,16141.82038254
1439942400,224,237.66,222.01,226.92,24295.07255509
1440028800,226.92,236.66,226.4,235.54,15812.3347442
1440115200,235.15,236.66,231.77,233.49,10296.31750333
1440201600,233.49,235.2,223.01,231,15856.24555021
1440288000,231,234.03,225.85,228.89,12842.46669119
1440374400,228.89,228.99,207.73,209.72,37523.08338374
1440460800,209.72,228.04,198.12,222.38,42308.00562946
1440547200,222.38,231.09,219.77,225.8,24007.59520406
1440633600,225.8,228.89,223.17,225.09,14366.26383499
1440720000,225.09,235.93,220.29,231.65,22900.18694453
1440806400,231.76,233.9,226.67,230.54,15490.55919136
1440892800,230.41,232.75,225.04,229,15486.35994462
1440979200,229.04,232.49,224.39,229.86,15803.51885514
1441065600,230.25,231.67,226.17,227.96,23925.1868464
1441152000,227.97,230.77,226,229.18,21470.76882887
1441238400,229.18,229.96,226.5,227.28,19739.62910007
1441324800,227.24,231.4,226.33,230.52,20870.0161942
1441411200,230.72,237.22,229.23,235.6,20103.04009089
1441497600,235.6,244.2,235.02,240.28,25758.89182891
1441584000,240.28,242.91,238.44,240.19,23152.03156204
1441670400,240.07,246.24,239.98,244.21,24023.87906083
1441756800,244.04,244.22,237.01,238.35,23251.86554434
1441843200,238.35,241.65,234.78,238.66,20694.91915142
1441929600,238.66,240.94,237.5,240,13805.17684681
1442016000,240,240,233.02,234.79,17449.11859951
1442102400,234.79,236.09,228,229.66,19655.12043997
1442188800,229.66,232.92,223.99,229.71,16674.85661508
1442275200,229.84,231.21,226.5,230.03,17298.61216806
1442361600,229.99,230.5,223,228.34,18169.46229084
1442448000,228.34,235,227,232.17,14645.73629444
1442534400,232.17,234.4,230.83,233.12,19458.90494591
1442620800,233.12,233.76,229.89,230,11230.75792442
1442707200,230,231.7,229,230.16,13401.14495283
1442793600,230.16,230.16,225,226.15,14081.30710162
1442880000,226.15,231.96,223.12,230.42,19332.87961688
1442966400,230.08,231.5,228,229.42,13586.08736522
1443052800,229.42,235.52,228.89,233.86,24202.73635768
1443139200,233.88,237.25,232.56,235.22,22555.44540032
1443225600,235.14,235.67,233,233.81,15109.42410853
1443312000,233.81,234.61,231.16,232.41,17506.44940939
1443398400,232.41,239.68,231.69,239.14,17566.82643528
1443484800,239.14,240.56,235.09,236.94,19877.45487942
1443571200,236.78,238.27,234.67,236.2,20934.84649353
1443657600,235.87,239.44,235.01,237.15,20341.00819203
1443744000,237.15,239.06,235,237.77,16908.0346728
1443830400,237.77,239.86,236.3,238.95,17825.61763796
1443916800,239.06,239.98,237.62,238.6,15015.06671892
1444003200,238.6,240.85,236.1,240.84,20316.50364912
1444089600,240.84,248.19,239.52,246.57,26684.24752551
1444176000,246.57,247.65,242.3,243.2,23768.19691198
1444262400,243.2,244.76,242.06,242.9,13983.75205653
1444348800,242.9,244.95,242.16,244.48,14099.91553839
1444435200,244.48,246.43,243,245.71,17313.14235341
1444521600,245.71,248.5,244.53,248.05,19140.3554108
1444608000,248.05,248.47,245.01,245.81,10671.70376409
1444694400,245.81,250.89,242.82,249.73,25901.60284773
1444780800,249.73,255.93,248.06,252.47,26942.8709963
1444867200,252.47,256.5,250.3,254.49,22037.62801049
1444953600,254.49,267,253.69,263.09,34816.74109381
1445040000,263.09,273,260.8,270.07,25328.14897726
1445126400,270.04,271.17,260,261.05,10003.12667189
1445212800,261.05,266.01,259.82,263.66,16704.69881339
1445299200,264.28,272.95,262.67,270.64,28967.44125269
1445385600,270.3,272.69,264,267.89,20396.77801306
1445472000,267.9,280.04,267.39,275.21,30166.42544252
1445558400,275.21,280.19,273.46,278.6,21572.26847047
1445644800,278.6,284,278.22,282.84,20586.33501752
1445731200,283.03,296,282.2,283.96,30003.58655651
1445817600,283.96,286.99,279.25,286.9,21266.47299543
1445904000,286.9,300,286.15,295.54,34002.14865181
1445990400,295.8,308.48,294.4,305.67,31263.17100679
1446076800,305.67,319.6,301.7,314.82,32258.30742612
1446163200,314.95,334.05,313.5,328.65,39364.02820732
1446249600,328.28,334.67,302.99,310.18,28765.17836259
1446336000,310.9,329.85,303.01,325.78,14281.54590222
1446422400,325.78,369.02,320,361.26,45146.50238984
1446508800,361.73,420.77,360.4,404.06,77212.78172074
1446595200,404.55,502,368.11,408,105959.25914077
1446681600,407.99,448.79,364.37,385.5,60174.71348846
1446768000,387.77,396.67,353.26,374.47,46952.53785182
1446854400,374.41,392.82,371.07,383.53,26348.5951725
1446940800,383.62,390.47,366.18,372.65,27445.01908688
1447027200,372.86,386.79,360.54,377.9,25934.97280336
1447113600,378.02,381.44,323.63,336.8,48890.59709485
1447200000,335.02,341.41,294,309.91,51510.30806168
1447286400,309.95,344.78,308.42,337.17,37744.44698848
1447372800,337,342,325,336.99,24663.47295722
1447459200,336.98,356.1,325.45,333,25628.37827293
1447545600,333,334.99,314.6,319.28,27643.56081053
1447632000,319.29,332.25,315,330.83,22243.82252044
1447718400,330.82,350.44,329,336.08,27718.67585229
1447804800,336,337.89,330.28,335.65,27252.09998985
1447891200,335.68,336.48,324.92,326.02,26919.51670768
1447977600,326.51,327.73,310,322.04,21303.64116376
1448064000,322.04,328.94,318.52,326.5,5129.35325162
1448150400,326.5,326.6,320.13,324.2,4062.21223126
1448236800,324.2,326.09,320.39,323.48,5101.55728889
1448323200,323.48,323.5,317,319.7,8649.01893298
1448409600,319.7,330.84,316,328.9,12253.7599758
1448496000,328.9,369.7,328.53,353.21,35986.16248608
1448582400,353.9,364.8,347.84,357.14,13276.8300685
1448668800,357.42,359.44,350.41,356.95,6275.36735525
1448755200,356.78,373.15,354.45,371.48,7817.18354971
1448841600,371.2,383,367.11,376.71,18097.95321032
1448928000,376.7,379,354.56,363.06,15410.28235169
1449014400,363.06,363.06,348.64,358.89,12343.4077678
1449100800,359.11,370.53,356.21,361.42,12190.8839355
1449187200,361.48,364.3,355.92,363.62,9989.28021734
1449273600,363.62,389.89,363,388,16784.12666746
1449360000,388,399.85,383,388.24,14679.43603185
1449446400,388.54,399.91,381.01,395.57,14949.58607447
1449532800,395.57,418.87,388.33,417.89,11455.14109168
1449619200,416.67,424.95,400,416.98,21039.90850734
1449705600,416.69,419.79,408.91,415.57,8463.88473949
1449792000,415.57,454.48,415.13,453.04,29020.19839361
1449878400,453.12,467.8,403,436.19,29770.28379771
1449964800,436.08,442.97,422.03,433.07,11725.66723962
1450051200,433.13,448.12,428.42,443.36,13386.74415731
1450137600,443.36,464.99,442.94,464.53,18096.3882832
1450224000,464.53,465,436.89,455.87,23377.12257344
1450310400,455.61,458.84,448.75,456.17,6598.6409486
1450396800,456.17,466.64,453.5,462.46,12914.73680338
1450483200,462.46,465.9,452.03,461.8,6839.17868702
1450569600,461.89,462,433.83,442.54,16626.4883553
1450656000,442.54,450,425.52,438.07,18930.86318614
1450742400,438.14,443.58,433.06,435.48,8146.01738798
1450828800,435.65,445.52,434.43,442.56,7100.2282874
1450915200,442.56,459.54,442.56,455,10138.31555001
1451001600,455,458.33,448,455.51,2877.16735131
1451088000,455.51,457.45,407.25,417.39,26672.12173065
1451174400,417.11,425.42,410.5,421.76,6968.57365917
1451260800,421.78,429.86,417.01,421.46,7560.56299201
1451347200,420.81,433.33,418.55,431.82,10419.58536596
1451433600,431.7,434.97,420.75,425.84,7717.51026264
1451520000,426.09,433.89,419.99,430.89,6634.86316708
1451606400,430.89,436,427.2,433.82,3788.11117403
1451692800,434.87,435.99,430.42,433.55,2972.06344935
1451779200,433.2,434.09,424.06,431.04,4571.09703841
1451865600,431.54,435.86,428.44,434.17,5717.59545799
1451952000,433.31,435.39,429.5,432.43,3881.72086195
1452038400,432.45,432.67,426.54,429.56,5507.61422624
1452124800,429.99,459.16,429.25,457,16833.41915668
1452211200,456.87,465,444.51,452.7,10258.9945852
1452297600,452.02,454,446.68,448.84,4396.0450009
1452384000,448.84,449.89,440.8,448.79,4078.61065365
1452470400,448.2,451.13,438,448,7986.45843125
1452556800,448,448,434.35,434.85,6930.89654863
1452643200,434.78,438.35,424.5,432.64,10067.02104551
1452729600,432.64,434,427,429.55,4420.91215989
1452816000,429.55,429.8,360,360,37326.70141453
1452902400,360.62,392.07,352,386.91,25019.25199317
1452988800,387.8,391.14,376,380.16,8416.94363509
1453075200,380.16,388.5,373.63,385.49,7015.52993583
1453161600,385.49,386.92,375.59,376.76,7223.00324232
1453248000,376.9,422.98,372.53,416.32,25172.91741948
1453334400,418.9,421.25,404.59,409.59,9414.55707194
1453420800,409.42,410.07,374.45,382.55,14744.75776299
1453507200,382.85,395,381.05,386.4,7664.89092787
1453593600,386.37,405.97,385.36,402.16,5448.8452132
1453680000,402.16,402.31,385.5,390.9,8040.83085608
1453766400,390.1,397.7,386.2,391.77,6589.15355022
1453852800,391.77,397,390.31,394.95,4262.62933663
1453939200,394.62,395.56,376,379.75,11414.04549852
1454025600,379.55,383.99,363.73,378.22,13544.14541999
1454112000,378.12,380.42,372.95,375.64,2587.10717327
1454198400,376.38,379.3,364.7,368.49,4166.66582034
1454284800,368.49,378.2,366.53,371.81,7255.13421769
1454371200,371.81,375,369.73,373.05,5719.11332356
1454457600,373.05,374,365,368.38,7107.78660836
1454544000,368.4,391.88,367.95,387.82,13446.47968297
1454630400,388,389.5,382.99,385,7372.61395629
1454716800,385,385,371.35,375.39,5735.69706556
1454803200,375.39,380,373.04,375,2885.48241846
1454889600,375,378.99,369.99,370.91,6943.10816682
1454976000,370.95,377,369.12,373.2,5779.6801008
1455062400,373.2,383.85,372.12,379.66,10006.63329253
1455148800,379.34,380.5,373.54,377.98,7471.96039009
1455235200,377.98,383.48,377.07,383.27,5996.09236146
1455321600,383,390.99,382,390.99,7324.96634134
1455408000,390.99,406.71,390.59,405,9758.39271132
1455494400,405.5,409.71,393.4,399.28,7906.69773619
1455580800,399.28,407.8,396,407.51,8354.83032093
1455667200,407.51,421.11,404,415.54,11842.77782874
1455753600,415.59,424.9,413.4,421.18,8588.92668864
1455840000,421.15,422,414,419.54,5015.53810237
1455926400,419.98,443.96,419.5,434.63,11633.27274251
1456012800,434.63,447.99,426,438.5,10300.3526042
1456099200,438.33,439.5,431.15,438.27,5840.3160546
1456185600,438.26,440,414,419.1,10509.60507822
1456272000,419.1,424.28,409.07,423.78,7258.35730294
1456358400,423.79,426.75,415.79,423.51,5597.96719924
1456444800,423.38,432,418.01,432,4635.1202274
1456531200,432,435,428.22,431.07,4159.35798035
1456617600,431.07,435,422.29,431.68,3501.18941279
1456704000,430.26,440.99,428.12,435.23,8463.34883153
1456790400,436.75,437.5,427.01,432.5,6941.51621427
1456876800,433.33,434.5,421.31,423.45,5788.38363163
1456963200,422.4,424.47,415.85,420.29,7483.6467555
1457049600,420.29,423.9,406.02,408.01,7789.00370914
1457136000,408.18,408.98,382,399.83,16436.40386167
1457222400,399.83,412.31,393.11,406.23,5692.00930852
1457308800,406.15,414.96,403.03,414.01,5937.73379583
1457395200,413.96,414.99,408.46,411.75,5576.2582036
1457481600,412.14,413.51,408.75,413,4876.78893016
1457568000,412.99,416.9,409.31,416,5255.299453
1457654400,416,421.91,415.11,419.13,5950.80704895
1457740800,419.14,420.93,406.59,410.9,4640.49424972
1457827200,409.95,417,409.67,413.04,3286.86910903
1457913600,412.99,415.22,410.5,414.99,4470.78743496
1458000000,414.83,417.43,412.15,415.85,4569.87994639
1458086400,415.84,416.82,413.15,416.57,4100.47706379
1458172800,416.52,419,415.66,418.49,3704.16067257
1458259200,418.47,418.49,403.34,407.91,6391.24659493
1458345600,407.5,409.95,404.1,409.04,2870.24736036
1458432000,408.36,412,406.6,411.28,2579.0021276
1458518400,410.62,411.96,406.5,411.67,3546.2789106
1458604800,411.67,416.99,410.35,416.64,3950.15519464
1458691200,416.39,419,413.44,417.62,4946.39651107
1458777600,417.62,418.15,412.85,415.17,2776.60883207
1458864000,415.17,416.92,412,415.7,2588.78272326
1458950400,415.6,416.99,414,416.96,1253.0063756
1459036800,416.96,427.99,415.77,424.77,5038.8775332
1459123200,424.62,424.77,420.32,422.87,3283.79146452
1459209600,422.87,424.37,407.22,415.95,5955.00099026
1459296000,415.43,415.93,408.59,413.74,4824.85455188
1459382400,413.68,416.99,411.4,414.66,3774.42082775
1459468800,414.66,416.99,413.42,416.31,3736.77266241
1459555200,416.31,420,416.01,419,2072.95050098
1459641600,419.35,419.48,416.1,419.11,1337.67303294
1459728000,418.51,419.85,416,418.75,3457.56274345
1459814400,418.81,423,416.61,422.71,3956.55659754
1459900800,422.71,422.9,420,421.03,2396.3483709
1459987200,421.03,421.99,418.09,420,3216.81131955
1460073600,419.99,423.99,416.26,417.75,4584.13099271
1460160000,417.75,418.71,412,418.24,3599.39669345
1460246400,418.59,421.79,417.2,420.04,1779.82860787
1460332800,420.4,422.8,418,422.69,3487.8325098
1460419200,422.79,426.67,421,425.54,6082.73402325
1460505600,425.32,426,422.27,423.93,3917.08383409
1460592000,423.6,425.35,420.57,424.86,3863.79952226
1460678400,424.4,430,423.07,429.45,4406.24086239
1460764800,429.45,432.87,427.12,430.69,1848.30276214
1460851200,430.18,430.91,424.24,427.42,1502.82305955
1460937600,427.15,430.01,425.8,428.14,3180.43077191
1461024000,428.14,436.82,426.24,435.63,3798.23746594
1461110400,435.7,444,433.11,442.13,7602.64664993
1461196800,441.99,452.11,440,451,5421.15632535
1461283200,451,451.36,442.96,447.7,5494.44115676
1461369600,447.16,452.19,444.46,451.92,2250.0352108
1461456000,451.92,470.02,447.06,460.02,7103.31254852
1461542400,460.03,469.47,455.13,462.33,5607.18864396
1461628800,462.29,469.87,462.13,467.42,4629.18548678
1461715200,467.39,469.03,443.2,445.38,7084.23987101
1461801600,445.39,451,435,449.14,8736.25774023
1461888000,449.94,456.53,445.62,456.53,2982.54077936
1461974400,456.53,456.9,446.5,448.37,2419.58249945
1462060800,448.37,453.78,446.84,453,1190.69815095
1462147200,453,453.8,438.59,444.06,6362.93159046
1462233600,444.06,452,440.78,450.61,5576.91459995
1462320000,451.18,451.68,444.15,446.63,3327.60727439
1462406400,447.36,450,445.11,448.5,2569.5932008
1462492800,448.5,463.97,447.03,458.48,5540.13889435
1462579200,458.98,461,455.95,458.07,2004.63685564
1462665600,458.97,459.69,455.95,458.21,1353.23221968
1462752000,457.75,464.79,455.62,460.82,3536.50388948
1462838400,461.49,463,447.38,451.62,5746.15794317
1462924800,450.88,457.99,450.32,452.91,3352.58050446
1463011200,452.95,455.25,448.88,455.2,3453.49239803
1463097600,455.2,456.82,452.04,455.91,2822.65051924
1463184000,456.42,457.25,453.51,455.57,1377.71832273
1463270400,455.57,458.08,454.72,457.56,1612.71056651
1463356800,457.56,458,451.11,454,3248.19201842
1463443200,454,456.09,452,453.08,3430.47946611
1463529600,452.96,455.68,452,452.92,2608.23175369
1463616000,452.47,453.85,435.03,436.3,5961.1150858
1463702400,436.3,444.41,435.06,442.72,3448.22731015
1463788800,442.84,443.98,435.28,443.31,1916.43483232
1463875200,442.72,443.47,435,438.8,2350.68206329
1463961600,438.72,442.99,436.4,442.99,2625.60063214
1464048000,442.63,446.37,441,443.97,3072.77859999
1464134400,443.97,449.6,443.97,448.7,3663.31591095
1464220800,448.7,452.98,446.8,452.07,3768.49837209
1464307200,452.07,478.16,452.07,472.05,12234.20331935
1464393600,470.58,529.08,468,519.41,12568.03112362
1464480000,522.13,540,485,517.84,8215.67477949
1464566400,517.6,535,510.01,527.64,6074.77470614
1464652800,527.64,548.5,515,531.84,12071.18195862
1464739200,531.84,542.87,525.49,536.95,5456.942657
1464825600,536.95,540,529.13,538,3939.35132757
1464912000,538,578.37,535.74,569.94,8801.7746347
1464998400,569.94,588.71,558.54,573.8,6216.6271931
1465084800,573.5,582,566,573.91,5415.93469447
1465171200,573.91,586.02,573.8,584.5,4465.51612085
1465257600,584.12,594.44,563,577.54,6705.91830357
1465344000,577.54,584.25,571.86,583.03,3259.15110512
1465430400,583.01,583.1,572.97,575.01,3770.7182618
1465516800,575.01,580,572,578.01,3458.56492292
1465603200,578.01,611,575.93,610,4000.07125397
1465689600,610,683.02,603.21,672.13,14138.30680118
1465776000,672.13,725,655.02,704.49,17280.60397099
1465862400,703.81,704.5,655,685.25,10633.44050212
1465948800,685.25,695.77,672.12,695,5783.92382786
1466035200,695,773.07,689.8,766.62,17946.82684698
1466121600,767.37,778.7,706.37,745.22,14687.27083679
1466208000,745,778.85,723.02,754.83,5903.47180558
1466294400,754.83,764.93,740.11,761.44,2617.27920864
1466380800,759.12,763.99,723.4,730.85,7975.97107838
1466467200,725,728.18,625,667.54,33056.28964434
1466553600,665.36,677.63,588.03,601.3,16456.40877924
1466640000,600.51,632.67,540.17,624.91,24329.07931933
1466726400,622.59,683.88,620.82,661.71,16163.8016025
1466812800,660.76,684.45,639.4,659.86,6576.67165429
1466899200,658.8,662.9,608.64,630.16,5838.1489745
1466985600,630.16,658,618.03,657.5,8668.59311399
1467072000,657.49,665.51,635.5,646.08,5478.35678011
1467158400,644.33,645,621.09,634.11,9132.47818623
1467244800,635.91,671.22,628.06,667.95,7479.78991538
1467331200,666.33,684.1,659.71,674.86,6432.9196212
1467417600,674.86,704.93,672.74,702.48,5506.04313621
1467504000,702.48,704.99,646.29,658.27,7320.31995024
1467590400,658.27,682.35,640.1,680.35,4290.13225288
1467676800,678.74,682.36,661.57,668.94,3112.7271219
1467763200,668.94,679,662.13,674.7,3590.61112814
1467849600,674.7,678.43,605.5,638.19,12686.97748136
1467936000,638.89,665.99,635,663,6579.38521243
1468022400,663,663.99,626,647.78,6180.15042485
1468108800,647.78,650.88,636.8,648.76,2313.34939114
1468195200,648.77,659.6,639.31,649.32,2978.13685533
1468281600,649.32,678,646.05,663.52,4288.07627477
1468368000,663.52,669.97,651.03,655.06,6573.20203068
1468454400,652.24,664.93,650.01,659.1,2392.43467683
1468540800,660.3,670.01,658.41,664.6,3228.34264303
1468627200,664.6,666.67,655,662.45,1682.67647056
1468713600,662.45,684.19,661.35,679.54,3437.77012475
1468800000,679.54,682.21,666.12,672.1,3012.20623456
1468886400,672.1,675.81,666,673.48,1904.43446142
1468972800,674.8,675,660,667.03,3418.62509416
1469059200,667.01,667.1,660.1,663.99,2503.04270767
1469145600,663.25,666.3,645,649.95,5191.55506577
1469232000,647.88,656.77,646,655.52,1284.52223933
1469318400,655.52,665,651.99,661.47,1427.97990306
1469404800,661.47,661.99,652.28,654.96,2441.94401025
1469491200,654.96,656.94,645.01,651.24,3552.82907397
1469577600,651.24,659.98,646.31,653.48,2664.94311137
1469664000,655.13,657.89,652.41,653.07,1909.23654208
1469750400,654.84,657.48,653,654.61,1297.14816627
1469836800,654.88,657.5,652.19,654.67,719.15982547
1469923200,654.67,654.71,614.97,623.83,4933.61939038
1470009600,623.83,630,603.63,606.35,5512.82137405
1470096000,606.84,613.03,465.28,540,22142.66733973
1470182400,540,572.34,521,563.42,15453.58615956
1470268800,563.42,583.97,552,576.13,8499.83692796
1470355200,578.14,578.2,562,572.5,4811.23583899
1470441600,572.98,592,562.56,589.48,6021.3087891
1470528000,589.47,598.82,582.12,592.47,2910.30990604
1470614400,592.47,594,583.58,591.88,3181.85250852
1470700800,591.88,591.88,579.43,582.75,3174.70598792
1470787200,582.71,603,580.01,590.27,5217.75905561
1470873600,590.46,597.78,585.22,585.22,2543.68401092
1470960000,585.25,591.19,580.47,585.91,2177.37864395
1471046400,585.34,589.98,581.71,583.52,962.30229892
1471132800,583.54,583.92,556.24,568.76,4812.88862744
1471219200,568.76,573.69,554.9,565.55,4633.74558455
1471305600,564.2,579.8,563,574.99,4837.18871903
1471392000,574.95,577.86,566.02,570.91,4108.5976507
1471478400,570.91,575.87,568.79,571.49,3967.28412511
1471564800,571.49,574.86,552.3,572.91,4652.00521466
1471651200,572.98,581.02,568.52,577.88,2431.78684382
1471737600,577.7,583.99,576.01,577.55,1139.76224273
1471824000,577.55,585.95,572.5,582.78,5086.06256577
1471910400,582.78,584.99,576,580.23,4182.04589939
1471996800,580.27,582.1,575.4,577.58,2991.01460758
1472083200,577.65,578.75,571.16,575.71,4231.40701036
1472169600,575.75,582.46,574.1,578.78,3300.29774328
1472256000,577.92,579.09,564.81,568.31,2702.58036182
1472342400,567.51,573.34,566.8,573.2,1034.07669959
1472428800,573.2,575,568.6,571.5,2333.00891707
1472515200,570.74,576.5,568.55,575.91,4439.35420543
1472601600,575.91,576.49,568.4,570.75,3917.82520705
1472688000,570.75,572.86,566.86,571.05,2833.21048959
1472774400,571.05,574.2,567.03,572,2996.65467508
1472860800,572,598.64,569.01,595.01,4645.77734019
1472947200,596.25,609.05,590.88,603.72,3951.19879148
1473033600,605.72,607.31,592.46,603.48,3838.1755876
1473120000,604.98,609.74,601,608.16,4038.33754573
1473206400,608.93,615.92,604.7,615.16,4502.71072652
1473292800,615.16,628.98,611.66,625.67,4354.95251639
1473379200,625.67,627.49,612.93,622.01,3274.07565086
1473465600,622.01,625,618.67,621.65,1527.83753513
1473552000,621.65,628.99,594.63,606.32,5336.9515717
1473638400,604.08,609.15,602,608.04,3512.28237051
1473724800,606.4,609.61,603.28,607.46,3471.52717479
1473811200,607.45,610.69,605.98,608.5,2895.4604519
1473897600,608.5,608.99,602.3,606.71,3085.66694768
1473984000,606.65,608.99,603.5,605.69,2612.88007635
1474070400,605.69,607.59,601.1,604.1,1117.48707654
1474156800,602.93,609.06,601.97,608,1307.05511292
1474243200,608,609.5,603,608.72,2476.59039745
1474329600,608.72,608.88,600.94,600.94,2680.44760563
1474416000,600.85,601.01,592.1,595.46,3671.19191264
1474502400,595.46,596.42,592.5,595.41,2421.45482616
1474588800,595.42,602.9,593,601.42,4007.88275861
1474675200,600.47,603.59,597.76,599.33,1140.23303781
1474761600,600.05,601.99,596,598.98,1086.83579854
1474848000,598.95,607.27,596.1,606.47,4056.39371551
1474934400,606.7,608.37,600.02,604.26,3055.81637038
1475020800,605.07,605.3,601.41,603.95,2202.74962821
1475107200,603.95,605.99,601,605.6,2718.01919323
1475193600,605.59,608.39,603.15,608.23,2633.44489285
1475280000,608.23,614.28,608.23,612.98,1458.84374513
1475366400,612.98,613,605,608.6,1407.0592925
1475452800,608.6,612.98,606.6,611.16,2245.89234656
1475539200,612.84,612.84,604.99,607.19,2955.42383816
1475625600,607.19,612,605.76,608.49,2410.92611361
1475712000,608.49,610.5,607.09,610.25,2039.82035671
1475798400,610.25,616.34,607.52,614.88,4033.82185438
1475884800,614.88,616.99,612.5,614.34,888.66002111
1475971200,614.34,614.98,610,613.06,1174.26113887
1476057600,613.06,616.47,612.12,616,2295.52302846
1476144000,616.37,639,614.56,639,8087.31933662
1476230400,638.3,640,628.76,634.5,2658.52776787
1476316800,634.5,636,630,634.02,2381.50067975
1476403200,635.16,639.99,630.45,638.2,3154.82335026
1476489600,638.2,642,635.25,635.96,1421.85361066
1476576000,635.96,641.4,635.18,638.97,1289.53724609
1476662400,638.97,639.99,632.1,636.91,3958.0365344
1476748800,636.91,637.8,631.52,635.95,2731.17634977
1476835200,635.95,638.04,624.13,627.98,4472.89998392
1476921600,627.84,630.22,625,628.89,2040.00987473
1477008000,628.05,632.36,627.5,629,3050.50932903
1477094400,628.99,656,628.57,654.52,4351.61947818
1477180800,654.52,656,647.51,648.74,2535.01019265
1477267200,648.74,652.25,640,648.6,4679.0014143
1477353600,649.03,657.58,643,651.97,6106.91617897
1477440000,651.97,677,651.69,675.11,6716.23146341
1477526400,675.11,685.89,665.59,684.71,4545.43620804
1477612800,684.71,687.23,677.05,685.91,3574.07546814
1477699200,685.91,717.99,684.89,711.13,4034.88400838
1477785600,711.1,711.78,691.49,697.23,3752.5253719
1477872000,697.23,706.97,683.6,697.01,4655.89251212
1477958400,697.04,737,695.38,726.6,6570.01885443
1478044800,726.6,742,717.32,742,4320.53171915
1478131200,742,745.19,670.32,685.22,12102.24273144
1478217600,684.84,707.67,681,702.7,5345.6792147
1478304000,702.95,707.34,694.71,703.46,1918.31151101
1478390400,703.33,714.36,697.92,709.93,2292.8635227
1478476800,709.92,709.92,698.26,702.86,3020.87240328
1478563200,702.86,712.92,701.02,709.31,5526.47459343
1478649600,708.17,740.86,705.45,721.5,9726.2512339
1478736000,721.5,722,707,714.47,4996.45256408
1478822400,714.48,720.94,712.24,716.39,3328.33076179
1478908800,716.39,716.39,701,702.28,2811.55106984
1478995200,701.17,702.89,683.23,700.38,6023.54902216
1479081600,700.38,705.89,697.14,703.82,7566.58050969
1479168000,704.98,716.54,703.05,711.06,5668.93994884
1479254400,711.07,742.87,708.44,739.71,11585.04541819
1479340800,739.71,749.98,732.22,735.24,6681.43151549
1479427200,736,752.95,731.31,748.98,4271.04146281
1479513600,748.98,755.07,742.63,750.75,1965.43652251
1479600000,750.75,753.82,714,727.09,5525.9596111
1479686400,727.09,739.2,727.03,736.76,4017.57762466
1479772800,736.76,750,730.27,749.22,5034.70408511
1479859200,749.13,749.98,729.92,740.18,4462.77871527
1479945600,740.18,741.15,729,735.63,4039.81535353
1480032000,735.63,737.07,728,737.07,3356.08903132
1480118400,736.96,737.56,722.3,729.91,2314.57662144
1480204800,729.91,732,722.44,727.32,3447.86947559
1480291200,727.32,732.44,724.1,729.54,4741.11519229
1480377600,729.54,733.29,721,730.76,5406.90035323
1480464000,730.76,744.49,727,742.06,6249.618523
1480550400,742.06,754.98,740.18,751.54,6124.50185948
1480636800,751.55,778.07,750.77,769.99,8098.57532493
1480723200,770.91,770.99,752.41,760.75,2772.66124771
1480809600,762.97,762.97,752.41,762,3215.68481818
1480896000,762,762.09,743,750.24,5567.77285717
1480982400,749.51,759.9,747.99,758.98,6763.73852485
1481068800,758.97,769.61,751.78,763.99,4809.70777587
1481155200,764.05,772.01,762.29,766.84,4892.93925488
1481241600,766.84,773.99,766.29,769.57,2868.41656863
1481328000,769.57,774.12,768.11,772.28,2200.70812765
1481414400,772.28,772.28,764.01,768.97,1421.13041748
1481500800,768.97,779,768.96,776.9,2805.19133166
1481587200,777,793.27,765.1,775.35,4918.81400706
1481673600,775.35,781,770.74,777.09,2333.38039481
1481760000,777.03,779.08,771,775.89,3039.82232695
1481846400,776.3,782.46,771.24,781.32,3475.77113231
1481932800,781.32,790.88,780.36,788.52,2389.76188083
1482019200,788.52,790.99,780,788.67,2519.24374939
1482105600,788.34,794.39,787.01,791,3917.87027522
1482192000,791,803,787.1,798.65,4118.69350463
1482278400,798.83,834.97,796.82,832.75,9391.36496102
1482364800,832.75,875,827.29,859.96,12070.35326085
1482451200,858.94,920,858.93,914,16526.62879671
1482537600,914.48,918.5,878.89,892.61,6026.45470401
1482624000,892.61,894.97,859,890.67,4658.23642176
1482710400,890.65,905.18,888,897.1,3467.54622755
1482796800,897.82,936.42,891,930.34,7225.77311731
1482883200,930.34,976.48,929.49,976.47,12285.11131172
1482969600,976.48,980.74,950,969.58,7858.45685371
1483056000,969.99,970,931,959.54,10755.03649428
1483142400,959.54,966.37,944.11,966.3,4162.92129897
1483228800,966.3,1005,960.53,997.75,6850.59330859
1483315200,997.75,1032,990.01,1012.54,8167.38103018
1483401600,1011.44,1039,999.99,1035.24,9089.65802529
1483488000,1035.51,1139.89,1028.56,1114.92,21562.45697196
1483574400,1114.38,1136.72,885.41,1004.74,36018.86111991
1483660800,1004.73,1026.99,871,893.89,27916.70309893
1483747200,894.02,907.05,812.28,906.2,20401.11359103
1483833600,906.2,941.81,881.3,909.75,8937.49270783
1483920000,909.8,912.87,875,896.23,8716.18294096
1484006400,896.09,912.47,889.41,905.05,8535.5216881
1484092800,905.24,918.4,755,778.62,35893.76836795
1484179200,778.7,832.99,751.34,807.47,17400.14155465
1484265600,807.51,831.4,775,825.86,11409.52033002
1484352000,825.98,837.76,810,818.27,6614.71899162
1484438400,819.52,823.45,808,821.86,4231.46390349
1484524800,821.86,835,818.09,831.81,6166.04397741
1484611200,831.76,908.5,827,905.99,12264.16938457
1484697600,905.95,915.99,851.74,887.7,11181.89887846
1484784000,887.69,910,878.89,901.01,11094.60329761
1484870400,902.23,902.43,880,895.8,6618.62776406
1484956800,895.81,928,895,921.98,5865.63203056
1485043200,921.98,937.74,886.76,923.76,7166.6654789
1485129600,923.75,927.57,913.21,913.52,3514.74142946
1485216000,913.15,923,881.48,885.47,9405.046565
1485302400,885.47,904.01,884.5,893.43,5291.55474211
1485388800,893.25,919.49,892.86,914.83,5164.8970199
1485475200,914.95,924.88,908.01,918.02,4830.53516221
1485561600,918.02,920.99,913.08,918.6,1175.86352983
1485648000,918.6,919.99,910.45,912.01,1349.01480033
1485734400,913.12,923,910,919.99,3121.18754443
1485820800,919.99,970,917.5,963.99,9507.10183224
1485907200,963.99,986.96,962,983.67,6954.39947163
1485993600,983.79,1011.65,973.12,1009.17,8269.68053649
1486080000,1009.15,1022.64,987.01,1016.99,10928.02422131
1486166400,1015.06,1044.23,1004,1033.18,5752.28733969
1486252800,1033.72,1034.6,1004.7,1011.07,4348.17045024
1486339200,1010.03,1031.94,1005.1,1023.99,5080.84835472
1486425600,1024,1056.25,1021.3,1052.48,5372.1326253
1486512000,1052.48,1070,1025,1050.4,9633.26465194
1486598400,1051.73,1074.69,913.73,986,25150.07016403
1486684800,985.71,1010.68,950,996.08,10731.29006905
1486771200,995.49,1020,987.62,1012.4,4472.51261675
1486857600,1011.01,1011.97,991.98,1000.73,2683.99735828
1486944000,1000.73,1007.89,975.1,1000.79,4547.26036851
1487030400,1000.74,1019,987.97,1008.88,6761.10806309
1487116800,1008.88,1013.8,1000.97,1011.53,3095.66000003
1487203200,1011.53,1043.21,1010.75,1032.7,5996.10412989
1487289600,1032.91,1064.99,1031.98,1055.46,6085.02260605
1487376000,1055.75,1068.99,1046.14,1056.4,4474.94930623
1487462400,1056.4,1061.9,1039.07,1051.8,2270.8499116
1487548800,1051.8,1089.99,1044.39,1084,3664.37368596
1487635200,1084,1126.86,1077,1124.62,8395.47371599
1487721600,1124.62,1143,1098.16,1130.01,11673.08926566
1487808000,1130.02,1193.92,1120.73,1188.11,11753.23856018
1487894400,1183.53,1220,1091.1,1180.14,19598.23102576
1487980800,1180.05,1184.73,1127,1152.2,6238.43763039
1488067200,1152.11,1184.97,1133,1179.05,3536.48621434
1488153600,1180.46,1197.99,1169,1194.64,4640.77358977
1488240000,1194.64,1209.99,1176.27,1191.21,7562.47409479
1488326400,1191.16,1231,1188.3,1226.39,6013.0658229
1488412800,1228,1283.25,1215,1257.6,7762.73243908
1488499200,1257.6,1298,1255,1285.33,7545.47720312
1488585600,1285.33,1289.55,1230,1260,4951.23210502
1488672000,1260,1275,1240,1273,3026.01739466
1488758400,1269.98,1285,1251,1278.49,4249.64793811
1488844800,1278.49,1281.62,1175.97,1233.05,14450.03793683
1488931200,1233.86,1245.49,1145.5,1150.05,13399.43820916
1489017600,1149.34,1208,1135.01,1190.89,7654.73834924
1489104000,1190.99,1350,975,1116.97,33467.943558
1489190400,1111.55,1198,1106.51,1176.55,7346.7869927
1489276800,1176.58,1241.85,1170.9,1226.62,5793.90851583
1489363200,1226.42,1249.02,1215.43,1242.46,5637.36296266
1489449600,1242.46,1260,1226.5,1245.86,5745.49650884
1489536000,1245.82,1260,1238.32,1257.32,3930.50022526
1489622400,1258.75,1258.96,1130,1172.62,15246.55276022
1489708800,1172,1173.23,1063,1071.02,16704.5732203
1489795200,1068.16,1099,944.36,969.4,21292.60430849
1489881600,969.4,1063.7,969.4,1017.97,12201.86141156
1489968000,1012.88,1053,1010.01,1035.96,7497.91103414
1490054400,1036.23,1117.9,1034.92,1114.39,11125.49539514
1490140800,1114.39,1114.39,988,1037.56,14521.2563566
1490227200,1037.6,1054.4,1010.69,1029.65,5916.99539286
1490313600,1030.84,1032,920,929.06,16072.41708326
1490400000,928.1,963.36,891.33,956.02,13507.43542088
1490486400,956.02,997,937.52,960,9012.91765111
1490572800,959.08,1043,952.95,1039.92,8687.08711524
1490659200,1039.09,1068.26,1014.9,1043.99,9115.51712488
1490745600,1042.83,1059.43,1008.16,1035.96,9379.71932021
1490832000,1037.29,1050.17,1017.14,1033.7,8645.37787081
1490918400,1033.7,1081,1031.43,1070.31,12058.78809456
1491004800,1071.34,1097,1061.64,1083.94,5209.12836262
1491091200,1083.95,1100,1066.49,1078.01,7639.89621671
1491177600,1076.59,1152,1076.19,1144.77,11076.86273059
1491264000,1146.42,1162.93,1118.85,1143,7420.8662382
1491350400,1143,1145,1111,1134.58,5588.97640824
1491436800,1134.86,1201.37,1134.36,1190.85,9134.29559762
1491523200,1190.72,1202,1176,1190.66,5450.27271426
1491609600,1190.66,1197.3,1166.66,1184.03,2720.79822734
1491696000,1184.03,1216.87,1173.98,1206.2,4817.42424874
1491782400,1205.2,1219.71,1195,1209.25,3656.81631296
1491868800,1209.99,1229,1198.02,1218.99,3487.75310814
1491955200,1218.99,1224.57,1208,1212.17,3475.19462571
1492041600,1212.16,1219.45,1141,1172.91,7135.3029565
1492128000,1172.56,1193,1142,1170.34,8982.76789635
1492214400,1169.53,1192.5,1165,1173.45,1804.4507968
1492300800,1171,1179.3,1150,1162.31,2663.99028304
1492387200,1162.31,1192.5,1161,1176.54,3568.82507477
1492473600,1176.59,1210,1175.95,1202.58,5514.18240451
1492560000,1202.59,1209.99,1190,1203.98,6046.51943656
1492646400,1203.98,1243.88,1201.66,1234.19,5972.93539154
1492732800,1234.93,1252.32,1231.65,1243.61,5023.0385204
1492819200,1243.6,1247.15,1199,1233.2,4173.28321472
1492905600,1231.85,1248.99,1223.42,1241.99,2604.72196524
1492992000,1241.99,1254,1234,1253.58,3048.68890003
1493078400,1253.58,1280,1251.07,1269,5249.77353318
1493164800,1271.4,1330,1265,1287.99,8707.63904245
1493251200,1287.92,1342.02,1285,1331.53,6669.98746832
1493337600,1331,1347.02,1299,1330.7,8234.2755437
1493424000,1333.93,1342.8,1316,1333,3927.45061482
1493510400,1336.77,1356,1315.68,1350.21,3536.1758111
1493596800,1348.88,1425,1341.22,1390.86,8604.41493207
1493683200,1390.86,1481.73,1388,1447.75,8920.68985793
1493769600,1447.75,1516.04,1431.02,1503.22,11077.5894872
1493856000,1503.25,1623.01,1444.94,1537.23,19548.52973673
1493942400,1537.36,1609,1495,1514.9,15603.68436616
1494028800,1514.9,1578.97,1505,1558.02,7901.1428401
1494115200,1554.04,1565,1525,1554.01,7667.78585113
1494201600,1554.38,1653.97,1554.38,1649.54,19262.35352625
1494288000,1649.55,1760.4,1616.05,1720.28,16807.73323227
1494374400,1720.26,1794.21,1682,1772.58,11265.37863829
1494460800,1772.58,1892,1745.01,1828.45,14740.21932638
1494547200,1830.85,1832,1650,1691.51,17062.84462773
1494633600,1690.33,1785.82,1601.46,1776.89,10532.23451343
1494720000,1776.8,1815,1753,1784,4816.73208815
1494806400,1782.3,1784,1682.56,1705.48,13316.80217814
1494892800,1706.07,1750,1641.22,1700.01,16554.0885802
1494979200,1700.01,1840.42,1670.01,1782.99,17797.31852412
1495065600,1779,1881.8,1766.33,1878.99,11916.1233907
1495152000,1879,1969.99,1874.99,1958,14124.61831495
1495238400,1959.09,2021,1914,2013.99,12309.94747354
1495324800,2013.99,2063.11,1961.52,2017.55,6755.83436855
1495411200,2017.55,2230.34,2001,2099.97,16338.53540635
1495497600,2088.76,2275,2088.45,2264.23,14138.91966835
1495584000,2265.9,2481.75,2264.64,2420.29,22144.5982011
1495670400,2420.29,2760.1,2221,2292.53,32964.76142591
1495756800,2277.01,2599.12,2060,2279.82,28326.82201443
1495843200,2280.7,2339.94,1850,2042,26216.2751269
1495929600,2042.89,2313.96,2041.48,2178.81,15375.21812611
1496016000,2172.54,2350,2110,2292.1,12129.27808588
1496102400,2290.18,2339.08,2160,2203.51,13888.85097299
1496188800,2201.7,2334,2154.28,2298.01,16279.2924315
1496275200,2298.01,2456.39,2296.81,2413.63,18401.66360125
1496361600,2413.58,2489,2370.03,2488.94,12428.70059429
1496448000,2488.94,2584.34,2445,2540.94,10810.58468925
1496534400,2538.1,2569,2460,2530.27,8828.62494281
1496620800,2530.27,2699.35,2525.28,2698,12221.444806
1496707200,2698,2933,2689.4,2880.74,26695.67081758
1496793600,2875.71,2893.28,2612.5,2683.03,16967.04353572
1496880000,2680.24,2815,2613.13,2806,13251.40544911
1496966400,2805.46,2868.23,2780.43,2822.32,8036.31356941
1497052800,2818,2912.98,2800,2899.99,9593.36119146
1497139200,2899.01,2967.46,2861.53,2954.22,6830.60683981
1497225600,2954.23,2980,2480.03,2667.06,31534.9460555
1497312000,2656.97,2783.62,2638.62,2703.02,16275.83441252
1497398400,2705.99,2801,2320,2450,29478.82028393
1497484800,2451.42,2516.2,2120,2424.91,36751.09130817
1497571200,2424.96,2540,2307.66,2484.68,13802.39329983
1497657600,2484.68,2674.4,2420.53,2630,11142.98518556
1497744000,2630.06,2665,2460.62,2516.98,9424.23118056
1497830400,2516.98,2598,2480.96,2598,10570.672525
1497916800,2598,2783,2581,2740,15891.69948817
1498003200,2734.03,2789,2611,2657.04,15676.32352625
1498089600,2658.67,2740,2594.61,2713.48,10792.78764641
1498176000,2713.48,2745,2657.46,2685.05,8232.48064925
1498262400,2685.05,2724.96,2512.13,2557.66,13342.81785584
1498348800,2557.66,2635.72,2432,2502.03,10339.57437415
1498435200,2502.26,2550.03,2315.01,2421.22,22094.21151071
1498521600,2421.21,2565,2291,2565,19129.59650756
1498608000,2565,2593,2468.01,2559.9,12274.54530348
1498694400,2550.99,2594.78,2500.31,2541.59,8125.37763725
1498780800,2538.41,2564.58,2451,2465.49,8715.71676156
1498867200,2465.48,2517.11,2390,2412.41,8885.89349655
1498953600,2421.3,2528.72,2374.34,2504.37,8744.53441127
1499040000,2504.81,2595,2472.68,2550.47,11520.70730801
1499126400,2540.07,2639.47,2540.07,2596.12,9662.75941445
1499212800,2594.52,2623,2530.1,2602.9,10882.83901071
1499299200,2598.37,2614,2522,2600.39,8333.98094907
1499385600,2599.01,2605,2475,2501.46,9430.6154578
1499472000,2501.46,2555,2462,2550.07,5405.89088691
1499558400,2550.13,2564.65,2500.5,2502.28,4483.14413363
1499644800,2504,2527.88,2261.85,2323.45,17296.34045274
1499731200,2326.12,2399,2242.62,2305.98,17580.96163529
1499817600,2301.55,2408.84,2239.54,2388,12883.55493809
1499904000,2383.97,2425.16,2312.93,2339.99,8429.85040306
1499990400,2340,2357.84,2140,2213.37,12659.01704362
1500076800,2209.44,2219.99,1967.65,1970.51,19886.67952318
1500163200,1970.51,2044.44,1830,1917.63,25562.70564457
1500249600,1917.72,2229.97,1910.57,2226,26448.50140255
1500336000,2226,2392,2164,2303.71,25204.48960246
1500422400,2308.82,2402.5,2223,2265.21,17009.88349592
1500508800,2265.51,2938,2265.51,2875.03,30989.89112526
1500595200,2880,2887.45,2611.39,2670,20724.16050338
1500681600,2667.01,2882,2644.59,2832.71,12819.63134804
1500768000,2824.82,2855,2640,2749.02,11001.96460067
1500854400,2756.8,2800,2701,2759.98,10001.9150661
1500940800,2759.95,2775.79,2450,2564.82,21326.54783885
1501027200,2564.74,2608.96,2400,2524.99,17713.6744658
1501113600,2524.99,2695,2509.63,2666.33,11826.47519948
1501200000,2666.33,2825,2655.82,2777.01,14069.50149214
1501286400,2777.01,2785.65,2631.78,2680.56,10782.21753675
1501372800,2681.6,2774.45,2569.69,2742.37,9678.16126067
1501459200,2745.76,2889.99,2680.01,2855.81,11114.33554221
1501545600,2855.81,2929.17,2615,2731,12525.07669112
1501632000,2732,2760,2650,2703.51,9486.62552563
1501718400,2703.51,2807.44,2698.83,2793.37,7963.69799924
1501804800,2793.34,2877.52,2765.91,2855,7635.8216719
1501891200,2851.01,3339.66,2848.32,3263.62,16996.27310091
1501977600,3263.51,3296.51,3146.1,3222.75,5998.73578852
1502064000,3216.78,3430,3186,3387.55,12046.11726501
1502150400,3387.54,3490,3300,3412.41,15835.37020781
1502236800,3408.46,3423.1,3178.72,3342.99,14286.84413824
1502323200,3342.99,3448,3311.17,3413.03,9031.12128021
1502409600,3410,3705,3390.67,3645.06,11927.37333424
1502496000,3651.74,3934,3586.95,3855.1,12351.07466143
1502582400,3855.04,4190,3841.71,4053.87,15889.82978854
1502668800,4053.87,4329.43,3964.96,4306.23,14212.30420724
1502755200,4320.95,4400,3800,4155.67,25515.71801437
1502841600,4154.99,4379.78,3926.06,4378.84,12923.63728054
1502928000,4361.99,4480,4167.21,4276.5,14573.18592909
1503014400,4260.47,4368,3964.96,4100,17516.99336076
1503100800,4100,4188,3900,4099.55,15036.18405113
1503187200,4091.99,4125.95,4000,4058.68,6237.97289632
1503273600,4058.64,4080,3949.78,3987.52,9782.05659401
1503360000,3987.51,4139.31,3600,4085,23522.75816636
1503446400,4078,4248.97,4051.94,4108.12,14979.40348147
1503532800,4121.78,4350,4082.57,4300.34,10782.69436738
1503619200,4308.8,4449.98,4270,4355.98,9699.61003374
1503705600,4348.17,4369.78,4232.43,4333.38,6559.66860375
1503792000,4333.38,4393.3,4290.32,4337.68,3979.12445283
1503878400,4329.91,4399.72,4169.01,4379.99,8641.0024459
1503964800,4385,4649.78,4336.26,4578.82,11879.64283069
1504051200,4578.82,4642.22,4479,4573.2,8720.03503995
1504137600,4573.15,4765.21,4566.66,4734.26,8911.41245939
1504224000,4734.26,4935,4671.09,4921.7,15367.52969736
1504310400,4921.71,4979.9,4488.5,4599.9,16977.79362226
1504396800,4599.9,4700,4385,4606.26,11224.9145563
1504483200,4603.68,4613.97,4058.5,4277,25069.12523005
1504569600,4282.53,4474.88,4001.93,4396.52,20884.21969353
1504656000,4397.38,4649.23,4356.42,4605.8,16634.10420534
1504742400,4605.81,4674.34,4475,4615,9254.85142692
1504828800,4615,4679.97,4125.99,4312,23693.30162259
1504915200,4327.41,4379.78,4164,4308.72,9974.38823453
1505001600,4322.44,4322.44,4010,4226.22,14724.20414387
1505088000,4226.21,4353.49,4092.4,4207.31,11191.59504385
1505174400,4198.89,4377.65,4080,4172.56,13294.43769742
1505260800,4170.6,4179.14,3720.01,3865.34,29636.38096311
1505347200,3861.89,3921.74,3210,3227.79,41319.3971257
1505433600,3227.79,3820,2972.01,3700.01,60278.94654177
1505520000,3699.89,3872.9,3500,3678.93,23158.22891071
1505606400,3669.07,3772.52,3463,3662.99,11770.21765049
1505692800,3662.95,4122.7,3659.42,4101.6,17207.59892439
1505779200,4102,4119.7,3848.35,3888.8,15278.9304404
1505865600,3888.8,4050,3820.56,3874.46,11660.27181331
1505952000,3864,3914,3573,3617.05,17904.29717206
1506038400,3607.83,3761.84,3514,3612.18,15007.73844949
1506124800,3611.91,3810.25,3552,3779.17,10123.23213552
1506211200,3781.13,3783.25,3615,3664.22,6508.72499023
1506297600,3667.01,3968.59,3658.39,3918,14979.78226289
1506384000,3920.66,3970,3850.61,3888.03,10014.62367124
1506470400,3883.95,4226.73,3870,4199.29,15075.83871664
1506556800,4202.34,4270.01,4123.5,4184.84,9625.92938226
1506643200,4183.47,4227.62,4022.02,4164.82,12191.93065131
1506729600,4162.04,4349,4154.28,4326.09,7496.78249925
1506816000,4326.09,4377.22,4216,4377.22,7211.3351358
1506902400,4369.33,4453,4352,4391.48,8259.8186315
1506988800,4391.41,4425,4218,4315.83,12468.05725642
1507075200,4315.73,4343,4170.07,4219.53,8518.99274917
1507161600,4219.74,4358.97,4137.96,4301.09,8419.96284162
1507248000,4301.09,4425,4278.4,4362.95,8377.30164966
1507334400,4356.09,4463,4312.82,4423.3,4646.40562117
1507420800,4422.72,4612,4404.5,4597.98,10083.86684927
1507507200,4597.97,4865,4541,4764.7,12923.66661677
1507593600,4761.67,4909.97,4700,4749.29,11666.02496241
1507680000,4747.9,4869.78,4700,4822.01,9866.89562175
1507766400,4822.01,5445,4793.66,5445,19916.22801995
1507852800,5444,5846.43,5380,5653.6,27827.38028536
1507939200,5653.58,5817.34,5558.26,5801.29,8410.9362308
1508025600,5795.01,5830,5415,5679.7,11542.94583367
1508112000,5683.92,5807.11,5548,5745.72,9066.79974453
1508198400,5752.2,5776.31,5506.78,5597.31,9105.28187907
1508284800,5591.97,5617.75,5101.36,5582.05,18961.67579669
1508371200,5572.64,5735.14,5512.06,5698.69,9919.83821694
1508457600,5700,6074,5589.8,5977.29,15109.06365101
1508544000,5977.26,6180,5871,6013.46,15357.42373371
1508630400,6010.85,6071.07,5700,5969,12232.52332991
1508716800,5967.38,6045.34,5617.75,5871.17,15331.63502934
1508803200,5869.82,5870,5453.01,5523.4,17286.72373931
1508889600,5518.49,5748,5366,5735.88,12349.1067022
1508976000,5741.35,5988,5683,5890,11788.30258919
1509062400,5889.99,5994.06,5674.06,5771.89,11911.04199625
1509148800,5773.03,5875.66,5646.18,5730.69,5926.29737158
1509235200,5731.7,6316.85,5683,6137.37,16086.62569466
1509321600,6133.01,6229.77,6024.03,6119.99,9574.64365313
1509408000,6120,6449.78,6072.81,6434.21,13423.30855051
1509494400,6434.24,6756.36,6340.01,6741.59,12967.22211638
1509580800,6745.04,7354.1,6700,7030,26514.65119452
1509667200,7030,7500,6925.22,7146.82,15999.78379684
1509753600,7145.24,7569.9,6994,7388.83,9200.11461844
1509840000,7388.79,7590,7275.16,7372.72,9218.32689776
1509926400,7373.3,7421.39,6922.07,6967.68,19323.12875746
1510012800,6967.64,7244.69,6945,7130.28,11634.26529651
1510099200,7131.38,7888,7080.01,7450.32,24679.7205496
1510185600,7465.06,7490,7061.2,7148,14799.26577204
1510272000,7150.61,7343.18,6429.44,6588.18,26614.27605231
1510358400,6588.18,6820,6218,6355.13,14942.70255533
1510444800,6355.13,6488.88,5555.55,5870.37,37315.1566398
1510531200,5870.03,6775.75,5846,6525.17,27202.28180796
1510617600,6524.69,6750,6466.88,6609,12072.05308804
1510704000,6609,7350,6609,7294,16869.89791295
1510790400,7294,7976.79,7120.85,7846.96,19272.37147666
1510876800,7846.96,7997,7528.5,7674.99,17714.36787452
1510963200,7675,7858,7431.54,7771.03,7326.81014016
1511049600,7775.55,8087.35,7675,8016.58,8307.77750857
1511136000,8016.58,8269.99,7900,8226.17,8179.45772727
1511222400,8226.14,8354.46,7770,8095.23,13686.5112387
1511308800,8095.19,8310.89,8045.76,8214.69,8078.58080138
1511395200,8214.69,8279.76,7980,7989,7811.79339997
1511481600,7988.96,8340,7876,8199.19,9289.98925704
1511568000,8199.83,8737,8114.78,8717.99,11611.66637888
1511654400,8718,9366.6,8538.2,9271.06,12021.21548696
1511740800,9278.99,9721.7,9267,9708.07,13272.45254013
1511827200,9708.06,9968,9582.25,9868.82,11214.92993115
1511913600,9877.63,11395,9250,9824.68,33432.33996208
1512000000,9833.7,10618.29,9000,9947.67,25433.45836367
1512086400,9927.29,10949.89,9370.11,10840.45,16708.03224846
1512172800,10840.45,11200,10637.69,10872,9267.16105468
1512259200,10875.68,11800.01,10513.16,11250,14238.525877
1512345600,11250,11613.07,10850,11613.07,13621.48197282
1512432000,11613.07,11850,11384.25,11677,11875.03377686
1512518400,11676.99,13700,11659.8,13623.5,19784.87348713
1512604800,13623,16615.62,13085.9,16599.99,25787.67655646
1512691200,16599.99,16666.66,13482.42,15800,25473.39531065
1512777600,15799.87,15998.5,12701.05,14607.49,16587.47292694
1512864000,14601.01,15385,13011,14691,18487.98304099
1512950400,14690.99,17270,14677.19,16470,16583.72315538
1513036800,16470,17428.42,15967.29,16650.01,13517.89210328
1513123200,16650.01,17107.03,15497.69,16250,17136.7058582
1513209600,16245.02,16830.45,15852.69,16404.99,13409.52428786
1513296000,16404.99,17934,16337.19,17471.5,18998.38813709
1513382400,17477.98,19377,17269.99,19187.78,9761.22080853
1513468800,19187.78,19666,18465,18953,9749.24915462
1513555200,18953,19220,17835.2,18940.57,14678.94144797
1513641600,18940.58,19160.79,16831.26,17700,21528.13766503
1513728000,17700,17950,15343.04,16466.98,31172.2288067
1513814400,16466.98,17281.17,15005,15600.01,20377.86043859
1513900800,15600,15795.61,11159.93,14009.79,57444.88580326
1513987200,13980,15756.22,13496.48,14619,21786.4086642
1514073600,14619,14619.1,12488,14157.87,18519.48932254
1514160000,14107.87,14650,13210,13911.28,11564.54433309
1514246400,13925.5,16147.87,13746.95,15764.44,15051.16401761
1514332800,15764.45,16480.52,14484,15364.93,15643.75488215
1514419200,15390.05,15474.19,13500,14470.07,16557.21732271
1514505600,14436.99,15111,13998,14340,13505.70299216
1514592000,14351,14463.28,12050,12640,21749.67444609
1514678400,12640,14296.06,12491.21,13880,11583.41864698
1514764800,13880,13941.75,12801.38,13443.41,7688.0306846
1514851200,13394.2,15257.53,12910.58,14678.94,16299.66930279
1514937600,14670.96,15500,14546.28,15155.62,12275.00119668
1515024000,15155.62,15430.27,14192.37,15143.67,15004.01859256
1515110400,15143.67,17200,14810,16928,16248.91467956
1515196800,16927.99,17234.99,16220,17149.67,9501.01675546
1515283200,17142.43,17149.97,15707.16,16124.02,8632.81384337
1515369600,16173.98,16300,13900,14999.99,16676.34994239
1515456000,14999.99,15367.18,14123.97,14403.51,13913.52469368
1515542400,14403.51,14900,13412,14890.02,18479.01253046
1515628800,14899.99,14973.07,12800,13243.83,19630.07517112
1515715200,13249.99,14152.19,12807.27,13781.41,13433.08481363
1515801600,13829.28,14619.1,13789.42,14197.78,7488.98701847
1515888000,14197.78,14365.81,13072.22,13647.99,7588.63558972
1515974400,13647.99,14394.36,13429.25,13607.04,9444.63530824
1516060800,13581.66,13607.04,10162,11386.34,38789.88308789
1516147200,11393.97,11794.07,9222,11191.35,41356.1897379
1516233600,11199,12146,10693,11247.57,22195.26202056
1516320000,11290.9,12050.39,11025.18,11552,13203.25567513
1516406400,11560.82,13052.12,11515.94,12775.99,10324.05733414
1516492800,12782.99,12791.88,11100,11558.87,11596.44128787
1516579200,11558.87,11910.78,10028.41,10808.99,17067.72925582
1516665600,10810,11409.87,9927.54,10851.82,17250.17614645
1516752000,10848.99,11500,10488.13,11400.96,11646.79059794
1516838400,11400.98,11741.82,10868.57,11155.54,10212.92183381
1516924800,11140.01,11635,10263.32,11092.95,15074.66641243
1517011200,11093.74,11630.47,10815.84,11446.54,10309.80746248
1517097600,11446.54,11989.15,11360.52,11685.58,9956.09249576
1517184000,11685.58,11820.01,10991,11162.62,9996.35689848
1517270400,11162.62,11222.36,9731.2,9971,21082.19252764
1517356800,9971,10324,9514.96,10149,12743.50947059
1517443200,10148.99,10187.56,8455,8998.99,26356.58883931
1517529600,9010.87,9096.79,7625.25,8838.83,44406.01982931
1517616000,8838.29,9491.2,8170.71,9225.86,16208.37411342
1517702400,9225.31,9350.09,7825,8191,19110.67246079
1517788800,8190.78,8335.56,6600,6874.27,46544.42880431
1517875200,6878.65,8150,5920.72,7737.37,70961.36965826
1517961600,7737.26,8649,7213.8,7588.01,32640.89253754
1518048000,7588.01,8644.36,7565.5,8259.76,22746.39118112
1518134400,8259.42,8779.62,7753.32,8693.98,18418.11709042
1518220800,8693.98,9090.8,8170.86,8560,14670.55870203
1518307200,8560,8560,7820,8067,12711.7858457
1518393600,8077.25,8995,8067,8899,15071.04029684
1518480000,8891.2,8951.89,8360.13,8522.99,11374.52415254
1518566400,8504.57,9515,8504.57,9490.98,17468.73886593
1518652800,9490.98,10234,9350,10018,21036.3373175
1518739200,10011.3,10300,9707.51,10196,11857.64277513
1518825600,10203.14,11135.83,10053.5,11101,14511.16913676
1518912000,11101,11300,10153.15,10421.06,17623.07943135
1518998400,10433.68,11262.48,10307.51,11173,11698.25622611
1519084800,11159.12,11780,11080.37,11233.41,15880.9090398
1519171200,11233.42,11275.74,10256,10449.4,19959.67715652
1519257600,10446.79,10935,9731.2,9843.34,20204.69095384
1519344000,9843.33,10405.3,9600,10166.1,16044.03930333
1519430400,10135.2,10540.63,9373.48,9689.99,13972.71472351
1519516800,9688.26,9883.41,9260,9590.04,11037.17695269
1519603200,9595.99,10461.97,9376.34,10324.7,16156.80505618
1519689600,10329.99,10850,10150,10566.3,10408.47993775
1519776000,10572.49,11064.75,10255.07,10314.9,10490.74905816
1519862400,10314.99,11090,10223.41,10903.13,9481.66514611
1519948800,10917.37,11175,10774.01,11029.99,8329.09790086
1520035200,11032.81,11503.24,11022.85,11445,7786.26753951
1520121600,11445,11511,11054.91,11463.27,6831.63070279
1520208000,11479.68,11688,11383.66,11419.24,9933.67623336
1520294400,11417.39,11420.01,10560.19,10723.76,14734.41949313
1520380800,10723.01,10911.78,9450,9913.03,26116.51184803
1520467200,9904.52,10150,9078.95,9285.32,22522.42746991
1520553600,9293.06,9420.39,8366,9230,29014.16684454
1520640000,9228.83,9514.96,8697,8791.47,12886.58857926
1520726400,8795.04,9768.37,8450,9535.04,16407.54237557
1520812800,9535.04,9892,8742.07,9120.75,18751.02057959
1520899200,9115.24,9482.79,8830,9142.32,16001.47534639
1520985600,9152.07,9356.14,7948,8196.69,21191.0231358
1521072000,8195.99,8425,7682,8265.05,18387.61138793
1521158400,8265.05,8613.06,7914.08,8258.54,16498.62433531
1521244800,8258.54,8356.4,7730.23,7860.83,12048.6688914
1521331200,7860.83,8324.92,7325.37,8188.24,19547.36114711
1521417600,8205.55,8718.74,8114.17,8596.93,19396.08835883
1521504000,8596.79,9051,8313.01,8904.02,13454.8222604
1521590400,8904.02,9188.1,8754.83,8893.79,12100.99713332
1521676800,8892.18,9099.59,8503.52,8704.67,12587.63392229
1521763200,8708.52,8920.79,8265,8920.79,13749.78486097
1521849600,8917.99,9020,8505,8547,9731.98236841
1521936000,8541.96,8680,8368.63,8453.9,9155.91214778
1522022400,8451.12,8500,7831.15,8149.66,17693.4153393
1522108800,8152.26,8211.62,7742.11,7791.7,12385.25028422
1522195200,7791.69,8104.98,7723.03,7932.41,8437.64467971
1522281600,7932.41,7968,6914.53,7088.38,22138.11413228
1522368000,7086.14,7302.35,6550,6850,29101.44802706
1522454400,6839.63,7231.73,6794.26,6928.62,11579.59705718
1522540800,6926.5,7045.71,6427.16,6813.52,18046.94087395
1522627200,6816.31,7106.5,6759.96,7052.76,13624.16035566
1522713600,7052.75,7506.84,7001.28,7416.27,16089.54162903
1522800000,7415.53,7430,6710.38,6799.95,15779.20246661
1522886400,6799.37,6928.7,6578.95,6771.69,11894.53597807
1522972800,6771.3,6850,6510,6618.33,8478.41806897
1523059200,6627.7,7069.13,6600.99,6904.9,7683.0416526
1523145600,6904.21,7104.52,6894.8,7027.26,4352.69794202
1523232000,7027.26,7175.83,6611.49,6780.1,10103.91621615
1523318400,6782.39,6900,6653.21,6835.67,6480.19276418
1523404800,6824.75,6984.92,6809.26,6940.94,5825.41064556
1523491200,6940.94,8069.34,6758.45,7923.78,19033.3803344
1523577600,7923.78,8239.33,7753.32,7896.92,19605.94275077
1523664000,7885.9,8232.14,7835,8000.41,8935.53071477
1523750400,8003.39,8417,8001.23,8354.22,7542.84081564
1523836800,8353.43,8424.99,7905,8048.15,10866.60295749
1523923200,8054.68,8160.85,7806.81,7890.87,9277.15121538
1524009600,7890.87,8235,7870.35,8172.84,9227.20459808
1524096000,8172.83,8297.99,8074.44,8271.31,9436.84632763
1524182400,8273,8934,8216.9,8861,16059.62267134
1524268800,8865.78,9023.4,8608,8920.71,15336.30792743
1524355200,8924.93,9036.52,8760,8789.96,9346.45175925
1524441600,8781.7,9006.39,8771.22,8946.95,10286.1177149
1524528000,8942,9737.16,8930,9648,20460.50898304
1524614400,9648.36,9755.53,8751,8864.99,33035.90404482
1524700800,8855.07,9326.79,8647.29,9274.48,20042.96970211
1524787200,9277.32,9387.82,8901.09,8921.43,11375.51437547
1524873600,8916.54,9442.34,8854.47,9345.11,15558.40230193
1524960000,9352.97,9538.75,9180,9393.99,10940.71803063
1525046400,9396.32,9443.96,9111,9242.17,8085.68829456
1525132800,9243.51,9249.99,8815.91,9066.9,12138.2639605
1525219200,9066.9,9259.16,8975.23,9222,10575.17497792
1525305600,9220,9799.99,9165.19,9732.43,11670.79957863
1525392000,9737,9784.73,9527.38,9696.57,7326.05207111
1525478400,9689,9948.98,9670.68,9823.28,7403.10502352
1525564800,9827.04,9918.41,9375,9623.54,8155.5768566
1525651200,9621.99,9634.5,9175,9359.52,13616.3485933
1525737600,9356.79,9450,9015,9167.69,11418.31053651
1525824000,9181.52,9368.79,8974.62,9308.49,11368.83432539
1525910400,9308.49,9393,8987.74,9020.99,11764.9775057
1525996800,9007.19,9018.38,8351,8411.42,20383.92660992
1526083200,8408.79,8652.8,8208.81,8481.6,15464.92940302
1526169600,8481.72,8775.9,8335.56,8696.58,9835.22450915
1526256000,8696.54,8900.9,8286.57,8674.36,18861.93709627
1526342400,8674.53,8865,8400,8474.99,12391.83198691
1526428800,8481.99,8505.33,8100.01,8346.59,12705.12321984
1526515200,8337.77,8500,7980,8067.03,8259.12452442
1526601600,8058.16,8275.1,7929.53,8248.87,7181.20388348
1526688000,8248.99,8395,8141.08,8231.2,3784.07576637
1526774400,8225.55,8590,8170.71,8518.48,5314.99889979
1526860800,8518.64,8589.1,8320,8391.76,6126.97105348
1526947200,8403.23,8417.65,7951.41,7984.08,9101.06078693
1527033600,7983.98,8032.01,7435.49,7502.89,17635.90129337
1527120000,7509.99,7733.99,7267.24,7586.88,11648.36524358
1527206400,7579.3,7661.07,7328.13,7471.18,10088.84331121
1527292800,7459.21,7622.87,7276.04,7335.99,4043.55765023
1527379200,7335.99,7412.57,7213.09,7347.39,3144.45110906
1527465600,7348.64,7445,7084.99,7112.5,6583.63252959
1527552000,7112.2,7537,7026.9,7469.45,11049.92099287
1527638400,7469.45,7559,7273.89,7375.73,8940.4540053
1527724800,7375.64,7601.23,7330.22,7492.28,7339.00726931
1527811200,7492.28,7620.01,7348.45,7511.6,6762.6275727
1527897600,7511.72,7700,7438.92,7642,4012.16875521
1527984000,7642,7790.69,7581.03,7703.67,4729.21008365
1528070400,7712.97,7764.44,7449.68,7488.26,6990.5513527
1528156800,7494.99,7685,7360,7617.98,9968.45508961
1528243200,7617.98,7695.46,7482.61,7658.57,7058.05577232
1528329600,7658.99,7750,7618.99,7689.28,7545.00925066
1528416000,7676.41,7697,7542,7618.11,4676.55832777
1528502400,7618.11,7686.45,7468.31,7492.7,2713.78104511
1528588800,7498,7498,6627.7,6781.17,14392.69540615
1528675200,6781.17,6919.97,6634.86,6880.61,11409.52423218
1528761600,6880.76,6880.76,6461.42,6557.67,8827.5994997
1528848000,6557.66,6624.45,6120,6307.4,19190.50457858
1528934400,6308.49,6708.1,6270.69,6646.1,14185.83821156
1529020800,6638.8,6666.66,6370,6390.6,7132.20678871
1529107200,6390.6,6557.81,6333.63,6487.92,3553.69972603
1529193600,6487.92,6575.35,6429.23,6453.41,2828.75680848
1529280000,6451.03,6793,6381.25,6707.5,5940.1743975
1529366400,6711.3,6841.81,6660.21,6736.52,5443.67979628
1529452800,6728.44,6809.26,6558.95,6756.58,5193.76884592
1529539200,6756.6,6792.2,6677.85,6718.33,4837.32442832
1529625600,6718.33,6737.97,5940,6050.45,18544.14405465
1529712000,6055.17,6261,6048.54,6177.38,4585.87147205
1529798400,6169.91,6255.05,5780,6153.4,11423.59392896
1529884800,6153.6,6365.34,6075.01,6253.61,9689.68930701
1529971200,6252.28,6277,6025.68,6068,7751.62208792
1530057600,6073.99,6181.11,5985,6135.64,7446.86155074
1530144000,6135.64,6165.49,5818.14,5848.33,8878.39857291
1530230400,5845.2,6299,5774.72,6204.24,12067.37316767
1530316800,6204.01,6510,6190.28,6385.71,6915.08887702
1530403200,6385.75,6438.55,6259.34,6349.99,4160.70556721
1530489600,6345.48,6667.57,6270.69,6612.98,8799.80247408
1530576000,6605.46,6666,6464.39,6507.99,5924.86541706
1530662400,6507.99,6792.28,6413.2,6584.25,6706.7340062
1530748800,6575.62,6700,6445.31,6533.69,7692.21577694
1530835200,6533.69,6636.15,6449.76,6596.53,5457.67218749
1530921600,6604.74,6820,6510,6759.99,4842.79587112
1531008000,6755.46,6783.54,6674.6,6706.6,5145.84575684
1531094400,6706.6,6814.72,6620,6666.75,7165.21723333
1531180800,6666.75,6683.9,6270.84,6299.46,9163.01977492
1531267200,6304.45,6400,6285,6380,6370.13680136
1531353600,6379.13,6380,6072,6243.88,7792.46685782
1531440000,6243.53,6337.25,6121.01,6215.59,5901.29571452
1531526400,6208.78,6317.84,6180,6243.98,2584.7339623
1531612800,6245.99,6397.21,6227.76,6349.3,3556.29310719
1531699200,6353.25,6755,6333.63,6721.04,9404.05647649
1531785600,6721.21,7468.31,6657.95,7310.71,12703.29651293
1531872000,7310.71,7599.98,7239.15,7374.88,13347.87637571
1531958400,7384.92,7570.9,7278.84,7471.42,8803.25309749
1532044800,7474.35,7696.88,7265,7330.84,9379.17143244
1532131200,7330.84,7458,7212,7409.92,4049.81022253
1532217600,7398.16,7581.03,7336.15,7396.6,5107.9788128
1532304000,7393.5,7800,7369.86,7719.62,12572.45317131
1532390400,7712.46,8496.96,7691.14,8403.83,18707.41156484
1532476800,8394.48,8475,8049.22,8174.06,10348.06857767
1532563200,8174.06,8314.23,7855.97,7926,8091.87166049
1532649600,7926,8274.98,7798.48,8183.05,8701.76587806
1532736000,8177.72,8259,8051.43,8237.74,2765.6804906
1532822400,8231.07,8299.99,8109.74,8216.74,3980.2794076
1532908800,8216.74,8295,7853.01,8160.21,11785.89207823
1532995200,8162.28,8162.37,7633.67,7725.43,11994.08614156
1533081600,7726.85,7761.56,7440,7602.01,11406.76843741
1533168000,7600.22,7709.98,7455,7536.37,5262.23613199
1533254400,7535,7542.92,7286.41,7416.98,9585.77930917
1533340800,7416.98,7494.48,6926,7009.99,6831.75139028
1533427200,7009.94,7086.8,6888.88,7032.61,6039.1351446
1533513600,7028.89,7157.93,6835.06,6936.11,7317.64296455
1533600000,6932.18,7155,6671,6717.68,10039.39296375
1533686400,6717.67,6717.68,6121,6283.59,14668.56802221
1533772800,6283.89,6627,6190.01,6543.76,9484.88670496
1533859200,6544.98,6584.05,5995.75,6139.99,14096.00988894
1533945600,6139.99,6494.13,6000,6239.98,6818.37504816
1534032000,6240.49,6493.77,6163.44,6310.82,7169.89323056
1534118400,6311.99,6544.37,6142.2,6252.63,8896.68083746
1534204800,6252.63,6254.02,5880,6193.62,14235.27018218
1534291200,6194.3,6628.5,6186.02,6272.3,12501.11334781
1534377600,6273.34,6477.57,6208.37,6313.51,7099.2611636
1534464000,6314.08,6584.49,6290.64,6580.15,6635.58158998
1534550400,6578.13,6615,6303,6399.28,3496.80232127
1534636800,6397.37,6545,6312,6481.99,3138.71131829
1534723200,6481.63,6522.99,6223.9,6260.82,6254.82080784
1534809600,6260.83,6513.28,6246.05,6479.27,5655.04172504
1534896000,6478.99,6906.81,6250,6355.76,11955.65069577
1534982400,6355.97,6575.99,6344.8,6525.01,4028.43387247
1535068800,6525.99,6721.09,6445.32,6692.94,6374.54257854
1535155200,6692.99,6800,6664.25,6732.4,4980.64928331
1535241600,6732.99,6775.34,6558.95,6700.46,3475.7202496
1535328000,6700.13,6944.47,6641.35,6904.51,5863.68824836
1535414400,6911.7,7125.28,6861.17,7080.94,8222.24765235
1535500800,7079.46,7124.06,6890,7032.96,5730.97892652
1535587200,7032.96,7055.97,6792.85,6984.01,6875.26197217
1535673600,6984.34,7101.03,6879,7017.35,5790.38050638
1535760000,7015.78,7300.18,7015.22,7185.01,4590.45724112
1535846400,7185.01,7334.5,7130.63,7290.31,3297.68658519
1535932800,7291.94,7340.08,7184,7258.99,2829.87707292
1536019200,7261.29,7411.85,7231,7361,4531.14780379
1536105600,7353.48,7387,6650,6679.3,12408.79698551
1536192000,6671.95,6705.59,6253.29,6493.09,14674.0236716
1536278400,6488.01,6525,6322,6400,6541.96747088
1536364800,6401.01,6465.46,6113.23,6178.31,4284.19484304
1536451200,6178.31,6451.51,6094.38,6236.04,4104.31379555
1536537600,6238.99,6351.13,6223.9,6301.99,5371.72530672
1536624000,6303.99,6405,6162.06,6279.99,7076.79725968
1536710400,6274.6,6350,6192.89,6322.45,4282.15960066
1536796800,6326.83,6537.46,6324.37,6485.7,6985.34747474
1536883200,6482.95,6587,6384.36,6476.51,4598.02098322
1536969600,6476.51,6570.1,6466.74,6520.15,1328.81956289
1537056000,6520.15,6524.84,6349.47,6499.98,1098.62806031
1537142400,6499.28,6530.24,6200,6254.52,4386.88772482
1537228800,6251.49,6390,6226.63,6332.34,4196.47314808
1537315200,6330,6510,6100,6388.4,7232.08338006
1537401600,6388.4,6535.11,6333.63,6492.98,5177.64510387
1537488000,6492.98,6775.34,6483.83,6749.45,8569.98587321
1537574400,6748.85,6826.28,6624.79,6710.01,5491.80951385
1537660800,6710.01,6774.91,6659,6702.22,3248.80491931
1537747200,6703.37,6721.68,6550.96,6581.52,4030.72562001
1537833600,6578.7,6579.59,6324.96,6428.99,8206.61700477
1537920000,6428.09,6540,6379.44,6461.51,4295.92674134
1538006400,6454.32,6736.85,6431.95,6681.62,5664.85211251
1538092800,6684.5,6792.28,6525.67,6610.76,7642.04936428
1538179200,6609.02,6609.02,6454,6579.38,3382.01592212
1538265600,6574.29,6628.06,6510,6597.81,2482.69507513
1538352000,6597.79,6638.15,6477.57,6571.2,4796.040132
1538438400,6571.2,6597,6447.28,6500,4116.13342419
1538524800,6500,6510,6396.34,6456.77,4774.76328174
1538611200,6454.81,6604.89,6450.58,6547.56,3832.70048916
1538697600,6548.83,6641.35,6510,6582.12,3807.26928181
1538784000,6582.11,6595.69,6526.28,6544.08,2022.78075908
1538870400,6547.93,6600,6493.92,6577.63,2455.65659087
1538956800,6574.15,6656.63,6541.06,6604.75,4079.04424933
1539043200,6604.76,6623.14,6553.13,6588.8,2254.95026959
1539129600,6588.72,6589.79,6387.91,6517.55,5177.06675956
1539216000,6517.55,6520.43,6055.28,6152.76,9616.23958351
1539302400,6152.76,6243.79,6109.79,6185.15,3246.3815572
1539388800,6182.03,6219.77,6168.83,6199.69,1954.04680593
1539475200,6201.23,6349.47,6143.08,6183,2525.73820085
1539561600,6185.04,6756,6149.28,6441.74,16895.88930388
1539648000,6438.2,6493.77,6386.4,6461.2,4703.09390629
1539734400,6457.67,6465.39,6407.69,6437.29,2961.26337446
1539820800,6440.07,6490,6350,6396.18,3823.16928503
1539907200,6394.23,6412.4,6355.99,6383.46,2290.0590117
1539993600,6380.47,6424.16,6363.02,6412.86,1261.97849549
1540080000,6412.86,6470,6401.01,6413.38,1541.01151749
1540166400,6412.62,6429.23,6372.53,6406.06,2407.5354618
1540252800,6409.39,6421.58,6354.26,6393.41,2851.00556658
1540339200,6396.24,6473,6393,6411.96,3535.33808825
1540425600,6411.96,6422.73,6361.73,6393.53,3046.60380599
1540512000,6393.38,6450.3,6377.81,6406.1,3323.82631782
1540598400,6406.1,6420.01,6381.25,6407.66,890.1271569
1540684800,6407.66,6420,6383,6405.57,839.29766473
1540771200,6404.27,6420,6208.37,6266.52,5190.82201499
1540857600,6266.47,6289,6240,6269.46,2523.57742936
1540944000,6269.46,6350,6199.25,6303.27,5148.08262352
1541030400,6304.5,6365.33,6288.01,6340.99,2190.97047686
1541116800,6343.85,6381.25,6328.33,6350.43,2678.06948097
1541203200,6350.43,6351.74,6312.48,6335,1084.13861953
1541289600,6335,6475,6310.57,6421.76,2673.81391399
1541376000,6428.23,6441.43,6369.89,6403.2,2335.48865475
1541462400,6404.97,6460.01,6378.24,6447.5,4270.33460011
1541548800,6448.17,6544,6442.47,6501,4800.82491273
1541635200,6501,6511.27,6388.88,6405.49,3966.97303181
1541721600,6405.49,6418.18,6307,6325,3218.12902607
1541808000,6325,6377.26,6323,6349.32,1523.39384996
1541894400,6349.32,6365,6269.46,6357.54,1718.26855567
1541980800,6352.57,6388.21,6298.5,6318,3526.03903239
1542067200,6318.01,6328.36,6244.35,6260.91,3630.56272124
1542153600,6255.86,6298.47,5324,5595.91,25121.93301356
1542240000,5592.23,5641,5199.8,5585,19945.90828161
1542326400,5571.12,5610,5411.74,5508.71,8074.6055758
1542412800,5508.71,5550.66,5452.63,5503.36,2732.79162871
1542499200,5503.36,5658.47,5500,5559.26,2576.4553201
1542585600,5553.01,5559.69,4694.44,4735.44,28910.66553331
1542672000,4732.92,4897.36,4048.58,4352,39775.38943928
1542758400,4349.41,4635,4242.33,4538.01,20678.25000596
1542844800,4551.47,4589.53,4194.98,4275.23,10258.46172893
1542931200,4268.4,4364.46,4061.02,4288.26,13322.77736822
1543017600,4288.25,4376.88,3638.48,3785.65,14236.74417437
1543104000,3780.67,4120,3474.73,3938.89,26969.94763424
1543190400,3934.22,4069.59,3522.28,3727.34,24357.88293934
1543276800,3727.34,3834.35,3548.76,3771.01,16814.00296565
1543363200,3771.01,4355.08,3771,4220.16,22983.71348838
1543449600,4219.77,4409.77,4086.97,4249.8,15944.01262628
1543536000,4250,4300,3861,3971.06,14364.62144791
1543622400,3970.56,4264.47,3904.34,4140.39,6412.23253743
1543708800,4140.4,4265,4030,4102.05,7019.16205825
1543795200,4099.63,4115.15,3747,3834.34,10726.6773046
1543881600,3830.81,4033.98,3730,3903.52,12249.9368879
1543968000,3903.52,3913.62,3662.35,3696.69,13443.22072621
1544054400,3694.03,3844.79,3415.22,3437.26,15480.96697218
1544140800,3437.22,3531,3210,3380.68,26513.2316249
1544227200,3376.27,3495.99,3241,3398.8,10176.34927433
1544313600,3398.8,3633.2,3371.09,3529.75,8011.02295177
1544400000,3528.68,3588.43,3355,3408,10375.26877055
1544486400,3406.41,3427.27,3292.65,3353.42,8951.71070828
1544572800,3345.01,3490,3325.7,3430.18,7284.10378196
1544659200,3430.2,3441.13,3221.14,3262.73,11715.01908312
1544745600,3263.55,3294.81,3135.55,3195.75,14437.50526664
1544832000,3194.04,3230,3122.28,3179.54,5814.86853241
1544918400,3180.84,3259.43,3178.23,3193.78,6033.50714633
1545004800,3191.41,3590,3181.26,3496.73,16389.79444903
1545091200,3499.37,3684,3422.77,3667.16,13792.36427592
1545177600,3667.16,3924.01,3642.69,3684.5,21125.61437541
1545264000,3684.03,4172.07,3656.75,4073.77,25986.85291601
1545350400,4073.58,4162,3770,3841.08,16967.23460506
1545436800,3842.59,4010.16,3780.09,3980.9,7697.59815203
1545523200,3977.65,4051,3900,3943.83,4609.89261726
1545609600,3947.82,4236.84,3944.84,4036,12017.91713092
1545696000,4034.54,4049.23,3674.73,3779.99,11801.43441841
1545782400,3780,3863.34,3678.8,3810.01,10064.18282348
1545868800,3810.01,3841.17,3566,3591.69,11850.0123819
1545955200,3590.26,3970,3575,3884.97,13055.71840689
1546041600,3884.66,3961.85,3702.51,3725.48,6901.3823318
1546128000,3728.96,3870,3688.76,3835.79,5736.45370818
1546214400,3831.03,3842.89,3630,3693.3,6667.16373743
1546300800,3693.85,3845.46,3629.66,3823.44,5149.60627729
1546387200,3825.41,3918.67,3770,3885.87,5534.46951453
1546473600,3890.27,3893.4,3760,3787.81,4803.2461092
1546560000,3785.64,3850.33,3732.38,3817.71,7452.05894356
1546646400,3822,3887.09,3780,3791.84,3656.37531439
1546732800,3795.38,4090,3753,4040.71,5400.71486407
1546819200,4040.71,4070,3964.01,4005.45,7445.09600426
1546905600,4005,4112,3934.73,3994.9,11819.98676966
1546992000,3994.75,4060,3948.44,4002.13,7390.13399203
1547078400,4003.09,4036.22,3503.44,3627.51,16118.42088248
1547164800,3627.65,3704.6,3569.85,3632.02,10571.08164263
1547251200,3631,3650.35,3557.09,3617.13,3184.35219414
1547337600,3617.75,3654.02,3476,3515.95,5908.52280454
1547424000,3517.03,3714,3506,3664.28,9925.99072165
1547510400,3664.28,3687.02,3534.68,3576.93,8059.8173777
1547596800,3576.92,3669,3570.48,3605.91,7675.06606371
1547683200,3609.5,3660,3534.25,3638.01,7499.52552971
1547769600,3638.01,3641.9,3577,3609.21,5023.5102908
1547856000,3609.29,3774,3602.6,3681,4080.88346413
1547942400,3680,3703.27,3470,3536.72,5591.01583422
1548028800,3537.42,3573.29,3485.58,3531.51,5821.89983137
1548115200,3531.51,3615.8,3401.36,3576.81,6877.0636755
1548201600,3574.44,3620.23,3518,3552.32,6170.84267224
1548288000,3553.2,3598,3524,3570.73,4488.01463801
1548374400,3570.67,3578.79,3511,3560,4961.79512299
1548460800,3560.94,3657.89,3536.51,3555.56,2697.88387935
1548547200,3555.31,3564.12,3456,3533.23,3852.6596409
1548633600,3532.23,3536.77,3357.3,3429.5,10345.1009104
1548720000,3431.43,3438.76,3322.19,3390.5,7284.38686266
1548806400,3391.25,3465.05,3372.34,3437.35,5704.02340186
1548892800,3438,3474.2,3392.6,3413.11,5951.8181698
1548979200,3413.69,3460,3364.53,3434.83,6659.84752495
1549065600,3434.83,3485,3406.38,3462.82,3051.95860768
1549152000,3470.5,3476.33,3384.67,3414.82,2813.89222442
1549238400,3413.75,3439.46,3394.85,3410.87,3244.08497898
1549324800,3409.81,3435,3396,3431.39,4045.62530164
1549411200,3431.81,3445.6,3328.7,3364.62,6137.40639817
1549497600,3364,3383.29,3350,3359.33,4293.5558141
1549584000,3358.39,3711.04,3337.91,3622.94,14388.64754224
1549670400,3626.12,3639.74,3589.52,3622.62,4054.50461695
1549756800,3622.74,3662.43,3576.16,3650.37,4155.50568273
1549843200,3651.32,3652.56,3578.7,3588.7,7931.40887407
1549929600,3588.99,3619.93,3548.28,3585.94,10074.81670532
1550016000,3585.7,3629.81,3541,3574.93,7992.74321134
1550102400,3575.01,3590.74,3531.01,3560.46,5910.24312876
1550188800,3560.45,3620.53,3544.88,3566.29,6234.76805726
1550275200,3566.29,3609,3561.96,3579.92,3442.47630393
1550361600,3580.43,3663.34,3553.98,3625.6,5012.46127538
1550448000,3625.6,3916.47,3614.82,3869.8,15567.08485429
1550534400,3870.97,4000,3840.08,3888.46,12525.13651013
1550620800,3889.92,3967.52,3861.49,3936.53,9854.35493853
1550707200,3936.8,3989.99,3866.25,3900.4,8055.79892817
1550793600,3900.64,3957,3882.59,3939.82,6593.85993401
1550880000,3939.83,4157.87,3905.63,4113.53,7966.31721086
1550966400,4113.56,4190,3714.42,3730.68,13737.01398845
1551052800,3733.78,3861.81,3732.6,3820.71,8835.36224921
1551139200,3817.93,3830,3760.09,3795.06,6543.16453722
1551225600,3794.42,3822.85,3658.19,3798.47,7602.29984472
1551312000,3796.49,3897.62,3755,3791.36,6747.88027166
1551398400,3791.02,3845.3,3789.5,3807.05,4761.41015902
1551484800,3805,3818.75,3760,3810.46,3259.74312485
1551571200,3810.47,3822.39,3756,3789.52,2508.08649072
1551657600,3789.7,3806.9,3670,3698.66,7293.71962839
1551744000,3698.65,3877.1,3690,3844.07,7280.82397551
1551830400,3844.07,3895.12,3808.8,3851.55,6402.67507493
1551916800,3851.26,3891.04,3826.13,3856.64,7964.50825371
1552003200,3856.64,3924.37,3760.1,3844.64,7707.39667049
1552089600,3841.27,3950.25,3835.66,3916.43,5125.89830383
1552176000,3916.42,3916.43,3862,3897.92,3000.60671855
1552262400,3898.14,3912.89,3812.64,3849.25,6612.11516125
1552348800,3848.86,3877.69,3791.07,3859.74,5794.61473428
1552435200,3861.37,3874.68,3820,3848.48,4275.54000025
1552521600,3848.1,3903.98,3775.01,3854.77,5167.56617609
1552608000,3857.33,3912.06,3843.09,3901.21,6411.98332751
1552694400,3899.19,4040,3899.12,3990,6959.47788339
1552780800,3990,3992.42,3927.28,3965.5,2711.95016796
1552867200,3965.63,4016.63,3929.83,3969.59,5420.23037801
1552953600,3969.94,4012.63,3947.15,3998.13,5317.45055524
1553040000,3999.5,4050,3962.6,4031.59,6244.95370182
1553126400,4033.7,4055.35,3919.63,3974.21,7561.75989694
1553212800,3974.5,4000.81,3958.94,3982.07,3453.36892821
1553299200,3980.4,4001.17,3957.11,3982.52,2259.5645261
1553385600,3979.19,3980.97,3942.04,3969.99,2204.06560941
1553472000,3970.23,3980.22,3850.45,3910.51,6913.36709721
1553558400,3910,3936.36,3879.5,3922.58,4315.60487708
1553644800,3922.58,4037.11,3912.19,4025.5,8151.67504888
1553731200,4025.5,4025.56,3992.6,4012.23,3927.54682157
1553817600,4011,4102.57,4005,4090,8391.03462414
1553904000,4090,4130.36,4040,4094.92,3923.1364664
1553990400,4094.92,4101.7,4074.29,4096.08,2402.58820541
1554076800,4092.02,4150,4052.56,4136.32,7232.98731201
1554163200,4133.93,5080,4130.64,4899.63,30686.17351442
1554249600,4899.01,5345,4800.5,4978.23,29321.27268405
1554336000,4972.83,5077.35,4778.59,4907.94,15898.11514808
1554422400,4911.14,5067.62,4883.83,5039.73,13023.7465161
1554508800,5041,5240,4900,5041.39,10049.84478829
1554595200,5041.92,5253.49,5028.3,5190.85,10872.51935616
1554681600,5192.92,5347.37,5127.68,5287.88,13344.98151487
1554768000,5287.97,5288.95,5136.01,5192.6,9410.35350033
1554854400,5184.03,5466.06,5161,5323.47,10723.93474696
1554940800,5323.47,5344.31,4966.87,5040.2,15052.95606333
1555027200,5037.82,5122.48,4912,5076.35,8057.03847684
1555113600,5075.74,5122.01,5033.73,5063.63,4520.43702971
1555200000,5064,5185.26,5012.73,5162.72,3443.44728316
1555286400,5160.54,5192.01,4948.57,5027.31,7423.01375858
1555372800,5027.33,5231.96,5014.77,5202.43,7675.40412015
1555459200,5201.47,5275.07,5170.01,5233.72,6741.07720986
1555545600,5227.6,5325,5218.23,5281.58,6375.89568714
1555632000,5283,5357.96,5180.37,5289.91,5285.60637017
1555718400,5289.91,5362.97,5253.82,5318.89,3665.56962108
1555804800,5318.94,5346.91,5212.8,5295.65,4631.03916752
1555891200,5295.96,5439.12,5249,5386.8,7127.11186779
1555977600,5388.22,5627,5363.24,5531.32,10132.40317154
1556064000,5531.29,5623.3,5372,5440.95,10521.03763127
1556150400,5440.95,5510,4991.42,5132.55,9893.93590864
1556236800,5132.5,5291.48,5046.31,5155.19,15033.1017793
1556323200,5154.11,5218.31,5113,5168.91,4041.33355341
1556409600,5171.51,5213.23,5099,5160.98,3957.25435637
1556496000,5152.98,5191.96,5071.58,5149.11,5753.61513714
1556582400,5150.21,5287.4,5127.05,5269,5055.2728357
1556668800,5267.86,5357.96,5263.03,5318.42,4209.28441353
1556755200,5322.28,5422.94,5304.99,5385,5908.52172325
1556841600,5385,5796.56,5363.1,5658.22,12700.58899257
1556928000,5659.82,5846.13,5510,5764.65,8525.45570755
1557014400,5766.46,5782.55,5624.25,5709.32,5162.56182988
1557100800,5714.4,5755.79,5562.44,5685.46,6826.98087533
1557187200,5686.88,5970,5686.88,5751.54,10741.56186069
1557273600,5751.54,5986,5658.66,5940.89,6320.4135454
1557360000,5945.32,6172,5932.83,6156.7,9081.24077807
1557446400,6151.66,6426.8,6105,6342.84,13821.71360689
1557532800,6338.93,7445,6338.93,7217.47,22331.43531269
1557619200,7214.4,7585,6762.57,6974.35,27398.21436403
1557705600,6968.84,8167.5,6863.75,7810.05,27299.34473923
1557792000,7810.72,8335.56,7618.99,7986,18881.44115957
1557878400,7991.72,8300,7838,8208.69,16613.07123458
1557964800,8203.97,8390.95,7654.93,7880,17078.7037596
1558051200,7879.28,7942.09,6178,7351.71,27307.57969969
1558137600,7352.39,7493.85,7205.57,7260.12,7564.89968988
1558224000,7257.82,8299.99,7247.86,8200,15595.26745165
1558310400,8193.45,8199.97,7581.03,8005.64,13426.78750889
1558396800,8007.67,8117.48,7676.27,7955.16,7518.5556769
1558483200,7949.18,8049.22,7505.69,7624.95,8396.82203697
1558569600,7622.9,7980,7468.31,7880.22,8370.35625318
1558656000,7880.4,8188.87,7795.95,7999.02,9358.97181211
1558742400,7999.02,8158.45,7939.76,8064.64,3361.65325124
1558828800,8066.15,8802.29,7888.91,8733.26,8526.81164447
1558915200,8733.27,8939.18,8653.68,8770.73,8948.02467376
1559001600,8774.45,8817.41,8540.94,8717.96,6144.01124571
1559088000,8715.35,8762.39,8421.12,8663.41,7584.25785894
1559174400,8663.07,9096.79,8000,8277.76,15259.58792555
1559260800,8277.76,8589.99,8109.74,8547.2,9957.91006545
1559347200,8545.8,8624.72,8457.33,8556.27,5167.05130706
1559433600,8560.1,8833.97,8546.01,8734.49,4263.0361653
1559520000,8735.84,8745.96,8049.22,8103.64,9955.03261894
1559606400,8103.63,8103.63,7432.84,7665.53,15485.70215021
1559692800,7673.41,7924.48,7570.9,7785.94,9193.71188764
1559779200,7784.62,7878.62,7449.68,7806.07,8738.66635896
1559865600,7801.97,8134.99,7758.93,8001.25,9012.09615945
1559952000,8002.68,8061.12,7777.67,7932.27,4870.11556741
1560038400,7933.17,7966.58,7511.41,7632.99,3895.84810538
1560124800,7629.98,8090,7523.16,8021.1,7150.59429755
1560211200,8017.99,8057.32,7713.34,7919.1,5552.68803771
1560297600,7915.7,8266,7821.73,8176.27,8577.16249687
1560384000,8171.12,8335.56,8049.22,8238,7237.80039095
1560470400,8235.44,8737.37,8174.92,8697.54,8678.2503063
1560556800,8694.74,8911.98,8623.52,8857.19,5275.7530691
1560643200,8857.19,9391.85,8805,8974.19,15018.85335613
1560729600,8973.02,9477.7,8973.02,9333.48,12760.96069746
1560816000,9333.48,9361.87,8918,9078.84,11327.45394298
1560902400,9076.51,9325.85,9036.19,9278.27,4687.25984305
1560988800,9280.17,9600,9211.08,9534.99,7870.31583938
1561075200,9534.99,10229.49,9534.97,10222.12,12553.09963424
1561161600,10222.13,11200,10085.5,10661.3,13709.30032222
1561248000,10665.66,11247.62,10483.33,10831.95,7270.6458116
1561334400,10827.23,11099,10551.51,11029.63,8247.39381098
1561420800,11030,11796.37,11000.02,11751.01,12133.57175867
1561507200,11760,13880,11647.07,12920.54,37487.80242579
1561593600,12927.44,13355.61,10300,11153.74,36106.96055323
1561680000,11153.73,12447.46,10739.1,12354.43,18718.10158772
1561766400,12354.45,12386.76,11317.03,11858.62,12265.99736052
1561852800,11867.35,12200.06,10651.3,10760.1,12642.61772277
1561939200,10759.24,11200.41,9950,10577.43,22917.43710404
1562025600,10581.78,10942.63,9614.08,10828.9,20285.24655295
1562112000,10830.1,12009,10830.1,11967.43,19389.85475767
1562198400,11970,12061.04,11052.74,11146.34,11185.29420376
1562284800,11144.82,11440,10769.15,10997.84,11893.4379497
1562371200,10996.82,11735,10982.89,11240,7892.17866812
1562457600,11233.21,11627,11083.76,11469.96,6683.05546715
1562544000,11478.43,12398,11332.19,12286.14,11901.90089462
1562630400,12299.94,12883.48,12030.43,12567.23,15115.5523839
1562716800,12574.88,13200,11550,12098.95,19838.38994897
1562803200,12101.44,12104.97,10966.81,11349.24,18468.68600043
1562889600,11352.74,11942.39,11083.52,11808.91,9176.67942993
1562976000,11811.08,11846.61,10810,11378.79,9391.35341435
1563062400,11382.03,11467.3,10090,10191.87,12170.40823763
1563148800,10191.87,11080.37,9855,10850,16048.02718406
1563235200,10848.27,11042.11,9366,9412.81,20761.02748001
1563321600,9427.45,9993,9049.54,9699.35,16992.78525932
1563408000,9712.15,10797,9280.33,10648.6,18289.54217585
1563494400,10638.44,10776.99,10102.58,10535.43,13787.45646718
1563580800,10533.71,11120,10359.17,10750.11,9964.67388282
1563667200,10757.15,10839.09,10325,10600.24,5628.16176664
1563753600,10605.03,10686.89,10052.25,10328.83,9371.30644231
1563840000,10315.87,10327.33,9801.88,9847.02,9040.84882621
1563926400,9841.42,9911.5,9514.96,9763.67,9433.34520017
1564012800,9781.52,10187,9734.19,9883.96,6377.95751785
1564099200,9886.08,9897.46,9650,9846.94,5570.10914746
1564185600,9846.94,10235,9299,9481.37,9614.10207519
1564272000,9467.84,9634.5,9111,9533.19,3860.8348169
1564358400,9538.73,9725.17,9360,9495.39,5068.6543093
1564444800,9508.21,9775,9373.48,9593.62,5533.97118529
1564531200,9592.26,10143.2,9574.09,10085.34,7917.5084772
1564617600,10096.01,10499,9878.09,10407.71,7681.73235986
1564704000,10416.79,10670,10318.47,10529.51,9286.86172741
1564790400,10529.51,10919,10502.8,10821.52,6996.11722818
1564876800,10812.58,11085.99,10564.96,10986.96,7556.32923024
1564963200,10986.55,11959.36,10986.55,11800,17260.45577332
1565049600,11800,12325,11200,11470,16420.57916354
1565136000,11471.58,12145.42,11388.01,11971.57,15480.45524249
1565222400,11973.46,12061.1,11450.93,11983.43,10144.46210884
1565308800,11985.6,12040,11650,11859.32,7336.91484905
1565395200,11859.32,11976.68,11200,11273.2,7447.24834124
1565481600,11273.03,11589.73,11080.37,11528.73,4361.39069182
1565568000,11527.44,11551.57,11194.04,11385.11,3417.70935664
1565654400,11380.61,11446.94,10738.58,10862.28,9003.17888634
1565740800,10862.25,10862.25,9888.57,10022.99,12678.9411947
1565827200,10022.5,10444.66,9467.57,10301.44,15083.17326332
1565913600,10294.9,10540,9736.96,10354.34,11080.39966131
1566000000,10351.18,10472.93,9974.51,10210.89,3907.52839849
1566086400,10221.94,10515,10065.41,10318.99,3398.41986671
1566172800,10318.99,10940,10267.56,10927.3,8044.02134828
1566259200,10927.3,10955.48,10549.74,10772.22,5883.59995275
1566345600,10778.75,10807.54,9853.45,10134.75,9812.62171129
1566432000,10123.56,10238.29,9755.53,10112.01,6710.30664788
1566518400,10112.45,10479,10051,10401.6,5557.29144342
1566604800,10401.87,10432,9885.48,10149.7,5106.55673687
1566691200,10149.38,10355.89,9907.86,10136.75,3953.39528117
1566777600,10136.75,10650,10136.75,10360.97,7166.67534085
1566864000,10355.11,10375.53,10019.1,10167.29,4781.3350218
1566950400,10171.39,10280.71,9555,9711.78,9303.15591906
1567036800,9720.2,9720.2,9320,9490,7717.10637568
1567123200,9490.56,9700,9350.1,9579.75,5317.3097001
1567209600,9569.3,9682.73,9443.19,9594.15,1572.15542709
1567296000,9593.5,9832,9538.75,9767.53,1799.36720121
1567382400,9767.56,10471,9753.24,10384.48,6144.79883515
1567468800,10384.07,10783,10286,10617.61,11443.53849727
1567555200,10617.72,10834.15,10378.7,10586.26,10088.7236301
1567641600,10586.26,10664.13,10461.97,10573.66,4555.62463429
1567728000,10573.04,10949,10204.18,10311.09,10701.50994422
1567814400,10309.04,10580,10297.58,10484.39,3148.50895336
1567900800,10497.57,10594.88,10229.49,10400.18,3130.86103548
1567987200,10387.33,10542.93,10060,10307.45,6059.76274364
1568073600,10317.62,10390.09,9910,10096,4658.92141056
1568160000,10093.39,10243.01,9855.11,10154.46,4614.34849343
1568246400,10163.81,10465,10027.52,10420.34,4719.04668642
1568332800,10423.99,10458.13,10153.87,10368.65,3755.41742244
1568419200,10365.81,10441.47,10217.01,10355.37,2656.15453049
1568505600,10362.52,10383.2,10258.49,10305.74,2297.72276878
1568592000,10305.74,10378.07,10060.95,10269.98,5496.03749388
1568678400,10257.2,10280.53,10130.59,10195.73,5078.59865576
1568764800,10182.96,10263.65,10080,10152.09,3952.00683587
1568851200,10161.59,10380.07,9600,10271.53,7455.91141166
1568937600,10284.72,10308.04,10055,10169.02,4463.38202069
1569024000,10169.02,10180.43,9913.35,9985.28,4148.89981496
1569110400,9973,10093.24,9842.35,10020.58,3213.9540957
1569196800,10022.38,10048.06,9606,9682.19,5447.96313246
1569283200,9685.69,9782,7998,8536.82,28154.41355726
1569369600,8536.71,8746.83,8216,8432.16,17435.8678913
1569456000,8443.44,8467.89,7733.99,8055.03,16662.32021152
1569542400,8055.25,8294.04,7866,8187.72,10165.85293694
1569628800,8199.96,8356.4,8009.84,8218.07,6315.48953894
1569715200,8218.07,8244.07,7902.66,8047.6,5366.5707177
1569801600,8060.13,8368.5,7714.7,8298.45,9518.99210777
1569888000,8304.47,8531.25,8195.42,8319.01,10224.59198253
1569974400,8326.41,8393.39,8170.91,8373.42,4952.5341152
1570060800,8377.68,8419.23,8029.14,8239.92,8701.12039607
1570147200,8243.39,8244.93,7986.65,8152.07,6278.78141904
1570233600,8157.89,8195,8016.26,8145.17,4445.10406787
1570320000,8150.73,8176.46,7772.71,7854.12,6454.53572694
1570406400,7863.75,8313.7,7763.54,8205.53,9363.32718459
1570492800,8211.04,8344.12,8109.74,8178.54,3577.72287319
1570579200,8185.85,8707.8,8110,8586.34,11634.19484623
1570665600,8586.57,8666.84,8450.61,8582.11,7435.43199033
1570752000,8589.08,8820,8222.88,8265.55,7824.58718752
1570838400,8265.16,8427.76,8254.68,8303.43,1828.83312447
1570924800,8303.43,8474.48,8132.91,8282.96,4445.28381368
1571011200,8278.39,8416.67,8215.41,8362.99,4294.6073892
1571097600,8353.33,8420.85,8086,8155.13,5044.66127938
1571184000,8162.45,8179.1,7912.66,7995.89,8644.40011646
1571270400,7995.73,8130.71,7936.71,8073.32,5395.88599206
1571356800,8069.26,8120.77,7811.62,7955.08,5611.09353737
1571443200,7950.48,8096.76,7875,7960.49,3461.12529207
1571529600,7965.39,8314.77,7874.68,8235.74,6358.92499072
1571616000,8236.49,8352,8156,8213.65,4919.73416831
1571702400,8206.53,8314.77,7989.15,8025.9,5678.93483059
1571788800,8021.57,8052.04,7293.55,7470.77,13306.18266092
1571875200,7470.77,7512,7356,7435,4997.4230935
1571961600,7427,8784.29,7393.14,8662.66,19113.79549622
1572048000,8677.09,10350,8642.46,9252.75,38751.80025476
1572134400,9262.72,9819.92,9092.66,9557.08,17783.02515594
1572220800,9547.32,9950,9177.84,9216.44,14722.01859796
1572307200,9216.39,9573.35,9051.48,9426.94,9059.61157854
1572393600,9426.94,9437.06,8985.25,9159.94,8814.43804818
1572480000,9169.55,9438.61,8961.53,9150.07,10113.15940929
1572566400,9158.08,9303.53,9054.6,9250.45,6640.55238456
1572652800,9250.7,9396.91,9201.19,9304.75,2701.13696278
1572739200,9304.75,9384.32,9067,9207,2539.21833111
1572825600,9207,9586.5,9122.33,9410.76,4962.44231548
1572912000,9410.76,9485,9165.2,9320.14,4979.57899177
1572998400,9319.1,9448.19,9254.68,9344.78,4670.23465673
1573084800,9346.02,9373.48,9080,9199.36,3975.97661681
1573171200,9209.3,9253.39,8661,8767.37,9699.74677043
1573257600,8760.38,8876.94,8720,8812.21,2271.51792167
1573344000,8806.85,9142.33,8750.85,9024.49,2663.27825012
1573430400,9029.88,9075.32,8593,8720.36,6392.97505953
1573516800,8720.36,8872.47,8549,8813.91,4721.90610684
1573603200,8817,8839.46,8700,8755.24,3185.82098874
1573689600,8765.53,8791.78,8555,8636.9,3412.80581524
1573776000,8632.07,8799.03,8363,8463.49,5213.70141434
1573862400,8459.38,8539.53,8423,8484.63,1180.57339029
1573948800,8485.61,8631.6,8375,8499.31,2074.00770126
1574035200,8499.53,8508.4,8010.7,8170.65,4825.65562506
1574121600,8176.9,8197.77,7989.15,8121.63,4412.39464174
1574208000,8124.08,8231.04,8027.28,8088.44,2996.00619203
1574294400,8085.54,8116.92,7394.09,7611.51,9374.99957046
1574380800,7612.23,7714.7,6785,7285.85,20120.14646602
1574467200,7276.21,7356.49,7102.16,7320.39,5550.47222776
1574553600,7330.98,7349.68,6861.96,6908.36,6047.01776023
1574640000,6900.9,7380,6515,7122.14,18716.60131311
1574726400,7127.12,7344.91,7018.78,7159.22,7643.84956815
1574812800,7168.74,7676.27,6847.72,7527.84,15156.9919345
1574899200,7517.82,7659.92,7372.19,7436.72,6925.58489749
1574985600,7429.32,7870.35,7411.17,7753.69,7658.87160206
1575072000,7753.69,7815,7452.08,7550.67,5446.27351349
1575158400,7560.2,7560.2,7233.87,7412.66,5477.97290774
1575244800,7411.75,7431.07,7140.08,7309.64,4324.30016255
1575331200,7317.94,7415,7238.04,7300.43,2552.20229834
1575417600,7299.2,7772.71,7087.09,7197.78,7737.39153487
1575504000,7199.58,7500,7150.06,7390.42,4641.75678879
1575590400,7397.35,7618.99,7305.56,7541.79,4167.2401632
1575676800,7535.46,7638.88,7486.7,7502.65,2034.573719
1575763200,7505.86,7580,7382.69,7524.26,1798.77041268
1575849600,7516.8,7666,7268.03,7340.52,6582.47031165
1575936000,7332.05,7400,7150.23,7216.07,4090.62092926
1576022400,7224.5,7271,7122.28,7207.42,3419.93896517
1576108800,7208.95,7296.19,7072.2,7188.42,4376.88899274
1576195200,7185.15,7302.35,7179.65,7257.47,3178.07849595
1576281600,7255.94,7269,7007.48,7059.03,2012.34890643
1576368000,7066.35,7225.23,7007,7115.08,1848.34572822
1576454400,7115.08,7147.91,6820,6882.19,5923.05547919
1576540800,6882.08,6938.77,6550,6612.3,7107.25638535
1576627200,6619.53,7449.68,6425,7286.91,12873.63439214
1576713600,7286.91,7372.12,7000,7149.57,5936.55634536
1576800000,7157.53,7218.11,7072.61,7194.11,3201.66392251
1576886400,7194.13,7194.13,7109.73,7147.4,1689.08199513
1576972800,7147.4,7530,7124.52,7509.7,3796.22608082
1577059200,7521.88,7692.98,7247.86,7316.17,6710.7673604
1577145600,7317.47,7431.1,7156,7251.52,4194.58980335
1577232000,7247.45,7266.81,7110.73,7195.79,1504.52751296
1577318400,7195.8,7432,7150,7188.3,3116.74715162
1577404800,7195.17,7255.37,7052,7246,4024.57086599
1577491200,7247.7,7349.65,7231,7296.24,1579.70272647
1577577600,7297.43,7524.46,7274.43,7385.54,2583.85134193
1577664000,7372.79,7384.9,7199,7220.24,3722.91334933
1577750400,7222.74,7302.35,7112.55,7168.36,2638.69130899
1577836800,7160.69,7237.35,7150,7178.68,1119.10969318
1577923200,7174.7,7184.94,6900,6950.56,3972.70795427
1578009600,6945.7,7402.31,6853.53,7338.91,8072.72908749
1578096000,7332.58,7396.1,7256.03,7344.48,3256.73735349
1578182400,7356.05,7495,7310,7356.7,2707.27385549
1578268800,7352.12,7817,7342.46,7762.74,6728.28277831
1578355200,7768.17,8220,7697.03,8159.01,12158.32281238
1578441600,8151.79,8463.57,7872.09,8044.44,11913.23248192
1578528000,8048.94,8048.94,7737.97,7806.78,5957.24423978
1578614400,7812.7,8200,7667,8200,8999.98825687
1578700800,8200,8286,8000,8016.22,3788.3273136
1578787200,8008.1,8190,7960,8180.76,2056.08675369
1578873600,8180.75,8196.81,8039,8105.01,4011.43909644
1578960000,8105.01,8895,8105.01,8813.04,17009.43193382
1579046400,8813.2,8903.2,8555,8809.17,8606.88339936
1579132800,8810.62,8852.35,8573.91,8710.15,6713.2584764
1579219200,8715.39,9015.22,8661.52,8892.63,9363.15892644
1579305600,8898.03,9000.1,8798.9,8908.53,3678.00926615
1579392000,8901.02,9188.1,8461.38,8696.6,8785.449927
1579478400,8698.97,8740.54,8507.93,8625.17,4420.19825219
1579564800,8629.66,8778.66,8480,8717.89,3394.68916005
1579651200,8728.47,8792.98,8567.68,8655.93,3143.81212331
1579737600,8661.63,8665.95,8280,8378.44,8611.0107876
1579824000,8382.08,8530.7,8212.9,8422.13,6430.43023326
1579910400,8435.83,8437.47,8252.72,8329.5,2812.78995216
1579996800,8320,8600,8276.22,8590.48,6340.58577579
1580083200,8600,9004.35,8546.55,8894.54,9619.7747426
1580169600,8894.57,9413.24,8876,9400,9565.55935515
1580256000,9386.57,9443.96,9215.5,9289.18,6481.91594603
1580342400,9280.83,9570,9166.07,9500,7945.15877894
1580428800,9510.84,9529.35,9195.93,9327.85,5009.62230695
1580515200,9339.26,9464.16,9280.33,9377.17,1669.00246242
1580601600,9379.6,9474.28,9135,9329.39,3015.79158859
1580688000,9309.69,9615,9211.07,9288.09,4758.13350441
1580774400,9281,9348.6,9075,9159.37,4867.22545881
1580860800,9168.49,9775,9142.52,9618.42,8063.96793828
1580947200,9617.84,9859.57,9521,9754.63,7554.48867469
1581033600,9754.63,9878,9706.94,9803.42,4013.49096731
1581120000,9803.71,9948.97,9658.58,9902,3268.73554695
1581206400,9907.7,10178.54,9885.04,10173.97,4830.33787739
1581292800,10173.51,10199.85,9731.2,9850.01,7560.66789084
1581379200,9851.99,10383.9,9706.94,10268.98,8127.59636283
1581465600,10270.98,10495,10247.35,10348.78,6553.40942709
1581552000,10348.78,10500.5,10068,10228.67,9347.45128374
1581638400,10229.19,10398,10093.26,10364.04,6190.37749036
1581724800,10364.04,10408.04,9739,9899.78,5762.30634481
1581811200,9909.71,10051.24,9598.49,9912.89,4133.47675014
1581897600,9925.96,9973.45,9467.57,9697.15,5913.20492551
1581984000,9725.57,10288,9602.6,10185.17,6754.35394103
1582070400,10190.3,10300,9312,9595.72,9936.8206814
1582156800,9589.1,9706.27,9396.91,9612.76,6608.4910792
1582243200,9610.4,9773.2,9562.6,9696.13,4271.47074293
1582329600,9696.13,9722.39,9568.51,9668.13,2096.56353593
1582416000,9664.08,10024.08,9664.08,9965.21,3329.22433648
1582502400,9969.79,10027.66,9480,9652.58,5877.00770771
1582588800,9664.87,9682.73,9234.21,9305.4,6280.00295543
1582675200,9305.4,9369.99,8627.78,8779.36,11564.19794381
1582761600,8778.37,8974.75,8520,8816.5,9273.9036636
1582848000,8816.5,8900.94,8421.49,8703.84,6546.98122765
1582934400,8710,8805.06,8525,8527.74,2338.06785643
1583020800,8525,8756.11,8410,8528.95,4156.57173933
1583107200,8516,8980.34,8486.72,8917.34,6186.86088929
1583193600,8917.34,8921.8,8660.04,8755.45,4629.97228611
1583280000,8755.45,8850,8663.76,8753.28,3353.2325223
1583366400,8757.79,9169,8757.79,9066.65,6448.68567336
1583452800,9059,9187.85,8990.01,9153.79,4136.42339429
1583539200,9154.1,9219.13,8859.49,8893.93,2805.5915714
1583625600,8901.12,8901.12,7995.48,8033.7,9068.89040196
1583712000,8035.79,8191.13,7636,7936.25,12177.39425093
1583798400,7937.2,8158.42,7733.99,7885.92,8274.9537573
1583884800,7893.63,7988.78,7591.99,7934.57,7289.61145281
1583971200,7956.29,7969.9,4776.59,4841.67,58513.38918903
1584057600,4841.67,5990.35,3850,5622.74,54419.64133553
1584144000,5623.16,5663.01,5051,5169.37,15370.8681496
1584230400,5167.38,5965.77,5092.34,5343.64,16589.30386378
1584316800,5353.04,5353.04,4435.89,5033.42,34905.46359769
1584403200,5051.41,5569.9,4936,5324.99,17517.84242049
1584489600,5340.95,5452.43,5006.87,5406.92,22559.23112903
1584576000,5413,6433.98,5266.38,6181.18,24783.73487365
1584662400,6192.94,7139,5670,6210.14,30082.50248252
1584748800,6207.66,6461.91,5866.44,6187.78,11796.72656887
1584835200,6199.17,6419,5705,5813.15,10813.38456907
1584921600,5816.57,6629.79,5686.34,6493.51,19053.80456405
1585008000,6494.7,6893,6400.01,6768.64,19719.09402414
1585094400,6768.64,6989.04,6457.17,6692.22,16675.73512097
1585180800,6695.47,6798.89,6528.07,6760.72,7393.70723365
1585267200,6765.15,6872.67,6210,6376.03,10816.28556504
1585353600,6376.03,6376.03,6030.51,6253.08,11613.49398164
1585440000,6275.11,6278.24,5869,5870.9,9298.9390511
1585526400,5878.47,6630,5856,6407.77,14974.444163
1585612800,6408.95,6527.24,6337.42,6421.14,6342.29832651
1585699200,6428.74,6710.21,6137.71,6652.07,11319.14793815
1585785600,6669.95,7236.39,6575.13,6801.99,17212.82067331
1585872000,6789.63,7047.96,6610,6742.57,10570.10640235
1585958400,6737.36,7014,6655.54,6879.61,6018.51563233
1586044800,6887.22,6914.01,6678.51,6775.2,3981.97692417
1586131200,6780.57,7376.59,6773.75,7352.43,13683.03789416
1586217600,7335.85,7469,7077,7202.73,11669.01426524
1586304000,7204.78,7428.95,7152,7367.36,8720.21050049
1586390400,7370.85,7376.59,7107.38,7293.93,8324.9217727
1586476800,7299.12,7306.1,6750.15,6877.03,10727.86685616
1586563200,6866.03,6955.59,6771.24,6883.18,3326.67476213
1586649600,6882.75,7201.76,6790.74,6908.24,7264.51928043
1586736000,6908.21,6914.01,6542.91,6864.22,10837.57453223
1586822400,6864.66,6991,6766.96,6879.75,7275.68657382
1586908800,6868.88,6940,6598.55,6619,8109.73234254
1586995200,6619,7224.18,6472.67,7111.67,15726.69637377
1587081600,7121.35,7158.22,6995.39,7024.19,8539.61835086
1587168000,7020.13,7306.15,7020.13,7262.26,5102.50261952
1587254400,7265.94,7276.21,7057.46,7126.4,4662.19209244
1587340800,7124.27,7220,6757.75,6841,11365.00931766
1587427200,6833,6950.98,6774.48,6854.98,5570.95619043
1587513600,6850.6,7171.26,6819.59,7137.79,6273.40631495
1587600000,7138.29,7756.69,7031.07,7484.58,14779.54814354
1587686400,7494.2,7612.91,7391.57,7505.53,7357.10670681
1587772800,7518.81,7723.77,7432.8,7547.56,3800.82773036
1587859200,7547.56,7718,7485,7701.73,5247.54081807
1587945600,7708.87,7813.68,7637.03,7786.41,6878.02253788
1588032000,7794.22,7798.42,7650,7767.79,7248.9559695
1588118400,7762.07,8970,7717.14,8790.32,26396.09715679
1588204800,8789.79,9485.26,8407,8627.32,24057.73933525
1588291200,8629.72,9075,8616.17,8832.44,11379.68574201
1588377600,8836,9022,8760,8983.79,5524.26706572
1588464000,8982.56,9207.82,8723.78,8915.98,9218.274909
1588550400,8924.14,8974.34,8528.42,8882.87,10018.97499887
1588636800,8889.24,9120,8760.1,9034.85,9592.13446226
1588723200,9040,9417.95,8921.03,9154.32,15110.94181329
1588809600,9163.63,10074,9030.03,10000,25012.90031203
1588896000,10008.19,10048.38,9725,9801.35,19203.48379461
1588982400,9809.04,9914,9515.4,9546.56,11278.63371513
1589068800,9527.31,9565.2,8109,8731.17,31639.42874341
1589155200,8740.88,9182.97,8181,8571.98,34465.18657226
1589241600,8574.19,8984.87,8534.97,8825.46,14010.2612055
1589328000,8816.99,9418.46,8804.47,9315.5,12762.85161682
1589414400,9323.73,9945.34,9254.85,9793.5,19936.18545561
1589500800,9809.91,9844.66,9112,9306.21,17324.14460144
1589587200,9307.43,9590,9216.08,9389.07,6170.09609719
1589673600,9377.79,9894.88,9326.53,9665.7,9515.79358021
1589760000,9672.95,9966.12,9451.2,9721.91,12362.32763823
1589846400,9730,9903.89,9455.05,9787.65,12149.68534917
1589932800,9776.3,9843.87,9100,9516.51,12351.42817701
1590019200,9505.61,9573.29,8800,9062.47,16879.82890788
1590105600,9062.25,9272.97,8924.91,9171.96,7261.28419694
1590192000,9171.96,9316.12,9084.83,9183.46,3477.27850858
1590278400,9183.93,9310.91,8669,8718.77,8855.47763284
1590364800,8710.12,8984.16,8630,8903.56,8919.92378955
1590451200,8903.22,9012,8690,8840.91,5923.00523696
1590537600,8835.79,9230.21,8810.99,9210,6867.67101935
1590624000,9209.99,9625.01,9105.79,9577.38,11523.40889483
1590710400,9581.49,9610,9330,9421.04,7226.77389995
1590796800,9428.52,9758.27,9326.28,9705.1,6781.84196225
1590883200,9705.1,9711.7,9373.96,9446.19,5697.99838373
1590969600,9444.61,10429.26,9416.5,10203.64,12109.14149664
1591056000,10203.64,10241.26,9135.68,9525.73,22725.11942099
1591142400,9522.52,9699.95,9380.99,9668.99,6928.76322878
1591228800,9668,9888,9430,9791.92,8938.7688887
1591315200,9791,9856.48,9592.74,9619.99,7157.37095675
1591401600,9616.17,9744.39,9525.76,9669.85,4047.26924742
1591488000,9673.08,9829.31,9356,9750.04,6762.65158822
1591574400,9759.04,9813.67,9645,9783,5379.07801648
1591660800,9786.64,9897.46,9566.81,9776.84,6922.79788471
1591747200,9782.3,10011.4,9578,9894.32,7107.20140335
1591833600,9894.32,9981.24,9078.91,9264.26,16389.44455357
1591920000,9265.95,9555,9230,9463.07,6934.13533535
1592006400,9465.92,9500,9345.71,9473.46,2938.68222067
1592092800,9478.93,9479.59,9235.01,9329.99,3477.25235863
1592179200,9329.99,9505.4,8900,9435.15,11765.1135339
1592265600,9435.41,9596.31,9374.9,9530.3,6864.21822439
1592352000,9530.3,9566.53,9230.32,9461.29,5902.36636044
1592438400,9459.82,9478.69,9250,9374.78,3997.01284654
1592524800,9374.83,9429.99,9225.15,9304.32,5305.9077191
1592611200,9287.6,9400,9138,9355.46,3071.79384829
1592697600,9355.93,9421.26,9271.52,9283.03,1435.21189641
1592784000,9287.89,9798.76,9267.2,9683.12,6615.64540882
1592870400,9688.26,9725.3,9571,9622.81,4866.11470545
1592956800,9617.88,9666.35,9193.99,9286.06,10072.57541802
1593043200,9286.3,9343.49,8989,9239.48,8701.2461746
1593129600,9237.98,9289.71,9024.61,9158.26,7912.38375487
1593216000,9158.13,9189,8830.63,9009.3,4399.67602419
1593302400,9008.33,9191.72,8933.06,9118.01,3231.85728086
1593388800,9118.8,9240.36,9014.92,9188.88,4942.72533003
1593475200,9187.85,9201.95,9060,9132.96,2781.63125132
1593561600,9136.89,9300,9089.8,9233.38,4321.56559235
1593648000,9233.38,9268.54,8939,9092.92,6866.04897352
1593734400,9091.68,9127.11,9027.17,9063.08,3510.00353809
1593820800,9053.87,9196,9045.94,9138.52,2180.37237178
1593907200,9142.16,9147.37,8905,9076.82,3067.87780852
1593993600,9077.18,9376.34,9060.5,9348.22,5361.35284949
1594080000,9346.9,9385.81,9201.78,9257.16,4702.82565367
1594166400,9257.21,9479.57,9228.91,9437.16,6275.54666358
1594252800,9441.76,9448.5,9157.11,9234.9,4575.44853951
1594339200,9234.91,9318.92,9053.14,9283.53,3910.32678996
1594425600,9291,9304.95,9180,9238.3,1453.16535935
1594512000,9234.07,9347.76,9153.48,9306.17,2037.15363045
1594598400,9304.94,9351.17,9190.49,9233.1,3875.17319052
1594684800,9234.19,9282.08,9095,9251.59,4479.91060569
1594771200,9256.33,9276.98,9153.38,9190.07,3810.04841103
1594857600,9191,9217.5,9026.51,9132.87,5541.85389383
1594944000,9134.44,9184.28,9073.53,9156.5,3593.49712953
1595030400,9150.51,9214.63,9122.72,9177.43,1358.28531978
1595116800,9175.7,9243.36,9106.3,9211.99,1585.39916859
1595203200,9213.15,9224.73,9128.21,9162.43,3064.80739401
1595289600,9161.77,9442.89,9152.23,9391.25,5559.47430975
1595376000,9395.98,9573,9280.8,9539.51,5520.76262356
1595462400,9537.23,9690,9453.38,9617.2,10413.94384743
1595548800,9614.85,9650.55,9474.35,9547.91,8012.90509154
1595635200,9549.34,9751.82,9532.79,9710.98,5065.44989566
1595721600,9712.45,10200,9657,9944.65,9090.21430682
1595808000,9944.65,11417.11,9933.77,11046.19,27736.83221358
1595894400,11049.4,11263.85,10583.48,10939.27,17062.37380128
1595980800,10931.91,11358.47,10855.81,11111.17,12452.86303565
1596067200,11105.01,11189,10832,11112.12,10456.84804792
1596153600,11110.84,11457.95,10973.8,11356.74,10417.50746157
1596240000,11357.98,11883.36,11228,11817.49,11195.80752332
1596326400,11808.21,12100,10559.59,11071.66,12656.41102944
1596412800,11074.92,11480,10933.26,11236.39,6984.67078032
1596499200,11236.39,11420,11000.79,11192.42,5522.11051757
1596585600,11193.48,11795.86,11094.35,11755.24,7514.79142531
1596672000,11759.9,11913.5,11575.57,11770.08,9855.99436305
1596758400,11770.26,11920,11219,11600.85,10503.36174678
1596844800,11601.75,11817.95,11527,11776.9,3983.74888665
1596931200,11767.93,11808.28,11527.92,11683.03,2649.48917649
1597017600,11684.6,12080,11510,11895.12,7701.72806914
1597104000,11896.37,11945.05,11130,11392.64,10470.68807136
1597190400,11386.5,11625,11150,11565.35,5668.60180464
1597276800,11567.74,11806.61,11270.91,11793.26,6839.55121466
1597363200,11797.55,11862,11652.01,11779.77,5526.79649808
1597449600,11771.97,11986.93,11667.7,11852.2,3983.17592982
1597536000,11858.6,11938.55,11685.97,11914.02,2494.17000289
1597622400,11916.83,12473,11771.44,12298.38,9778.32856833
1597708800,12301.27,12408.53,11823,11958.1,8818.18784117
1597795200,11950,12022.18,11574.4,11757.55,9401.50118445
1597881600,11762.18,11894.12,11675.29,11859.37,4191.75792092
1597968000,11857.18,11887.67,11485.49,11531.74,6391.17972721
1598054400,11527.81,11694.02,11367,11667.7,3401.42192253
1598140800,11678.17,11715.09,11524.7,11644.65,1632.87091819
1598227200,11653.7,11832.55,11588.61,11761.8,2887.05808264
1598313600,11750.4,11772.22,11112.75,11328.88,7073.69374623
1598400000,11328.5,11549.8,11250.14,11469.3,4273.08016903
1598486400,11462.91,11602.92,11122.72,11330,7796.15569663
1598572800,11332.26,11555.61,11277.95,11536.58,6046.49746388
1598659200,11538.74,11592,11423.64,11471.71,2095.93600275
1598745600,11471.71,11715.69,11458.62,11708.97,2328.65701886
1598832000,11713.11,11780,11573.39,11655,4534.21810201
1598918400,11658.48,12065.82,11515,11923.96,7960.82238043
1599004800,11919.53,11956.45,11155.32,11398.44,13056.07287751
1599091200,11395.1,11477.35,9987.86,10160,18554.73121203
1599177600,10160,10646.75,9902.43,10456.32,17415.36005733
1599264000,10460.2,10567.9,9850,10167.19,12165.47308504
1599350400,10165.47,10353.39,10000,10260.17,5121.25180431
1599436800,10258.43,10415.66,9880,10377.14,8725.09203962
1599523200,10377.5,10446.18,9825.07,10123.96,10560.87470567
1599609600,10126.01,10353.39,9981.38,10232.8,5872.2195124
1599696000,10221.76,10495.75,10220,10342.59,10223.19117775
1599782400,10341.38,10409.44,10200.5,10393.04,5245.74244486
1599868800,10400.46,10482.42,10275,10443.33,2509.23983418
1599955200,10446.4,10576.78,10214.9,10334.78,4325.10556518
1600041600,10338.82,10765.03,10250.13,10675.15,7325.23245633
1600128000,10671.4,10940.01,10611.17,10783.83,6456.66295267
1600214400,10785,11100,10662.81,10951.54,8300.23983202
1600300800,10950.15,11054,10739.23,10940.47,5525.71740992
1600387200,10947.35,11040.18,10816.54,10931.2,4398.92439287
1600473600,10935.49,11183.01,10890.53,11077.22,2253.35153789
1600560000,11077.22,11079.25,10755.9,10923.5,3250.01749577
1600646400,10921.53,10996.98,10286.56,10411.29,9948.02125053
1600732800,10418.83,10573.05,10353.39,10534.31,4800.59855196
1600819200,10525.72,10541.39,10138.3,10233.42,5711.36066207
1600905600,10236.86,10795.53,10193.2,10744.02,6703.91881646
1600992000,10738.46,10762.65,10553.14,10689.81,6346.72379355
1601078400,10694.23,10830,10655.29,10729.09,2550.31630347
1601164800,10731.09,10807.14,10593.58,10780.66,2286.86162473
1601251200,10779.99,10950,10628.52,10689.48,4991.57062725
1601337600,10681.41,10865,10636.66,10836.42,4029.39173043
1601424000,10840,10847.5,10658.56,10778.22,4304.6226949
1601510400,10780.83,10940.22,10437.08,10622.71,8678.34728292
1601596800,10611.17,10667.53,10380,10578.54,8333.45852437
1601683200,10571.6,10605.79,10500,10553.66,1134.79775814
1601769600,10543.17,10699.88,10524.81,10669.63,1057.77530355
1601856000,10666.16,10805.82,10620.71,10795,3618.01529204
1601942400,10797.36,10801.86,10525,10606.33,4800.69513633
1602028800,10602.31,10682.56,10547.71,10669.14,5560.24913562
1602115200,10669.1,10957,10535.06,10925.2,6969.04085121
1602201600,10927.02,11118.49,10826.4,11052,5355.33959365
1602288000,11060.46,11496.06,11059.62,11301.2,3270.37027031
1602374400,11300.97,11447.44,11272.11,11372.93,2177.65085818
1602460800,11372.48,11731.7,11175.99,11535.98,7088.22778528
1602547200,11539.42,11567.4,11314.53,11427.98,5097.96082433
1602633600,11440.28,11555.1,11287.42,11428.84,3788.25075923
1602720000,11430.49,11623.6,11250.01,11511.11,4864.42955616
1602806400,11506.53,11548.65,11200,11321.86,4309.22448566
1602892800,11331.88,11415.48,11264.01,11365.8,1124.42019876
1602979200,11365.8,11526.34,11352.79,11519.97,1047.16869132
1603065600,11518.58,11840,11409.94,11764.14,5459.93398846
1603152000,11759.2,12059.94,11680,11921.11,5859.83732437
1603238400,11921.33,13235,11899.1,12802.67,20093.61486293
1603324800,12802.63,13208.25,12686.73,12983.26,9277.56218571
1603411200,12983.26,13037.26,12729.82,12941.59,4996.39791976
1603497600,12940.03,13182.83,12887.38,13122.73,2820.82333324
1603584000,13122.73,13363.53,12903.74,13039.09,3658.60280875
1603670400,13041.12,13250,12773.5,13066.73,5725.19571956
1603756800,13065.1,13788,13057.09,13647.9,11242.75450774
1603843200,13642.31,13864.89,12892,13274.73,10670.86461819
1603929600,13275.82,13650,12993,13468.44,8894.95694501
1604016000,13456.14,13675.56,13129.26,13562.13,8981.11986042
1604102400,13569.42,14100,13420.97,13816.08,6337.39292768
1604188800,13799.44,13907.47,13629.31,13762,2534.08581497
1604275200,13762,13842.5,13220,13563.72,7065.41110933
1604361600,13578.82,14083.76,13287.7,14041.58,7225.86635614
1604448000,14041.58,14277.5,13520.87,14160.59,10926.32680544
1604534400,14168.49,15770.58,14100,15605.04,18422.63186045
1604620800,15608.32,15968.98,15196.01,15598.09,13479.46706771
1604707200,15603.28,15778.6,14351,14838.97,10933.92419186
1604793600,14829.32,15664.9,14727.19,15489.15,5046.49916395
1604880000,15484.68,15854.48,14824.66,15332.04,14466.07953692
1604966400,15349.32,15482.76,15092.47,15313.65,8966.48171393
1605052800,15314.94,15991.01,15290.85,15707.89,10013.26427187
1605139200,15702,16369.99,15481,16300,16261.47118864
1605225600,16300,16494.52,15970.33,16335.58,7843.22421583
1605312000,16339.06,16341.89,15715.1,16086.34,5046.32670498
1605398400,16092.8,16170,15786.46,15975.49,3225.70533016
1605484800,15975.49,16894.93,15875.5,16724.62,7511.71484029
1605571200,16727.85,17868,16570,17680.63,9824.73852957
1605657600,17681.77,18483,17041.47,17785.95,15717.92072069
1605744000,17792.96,18189.97,17346.62,17825.47,10506.69646215
1605830400,17822.37,18824.88,17755.81,18687.65,10020.01351326
1605916800,18685.08,18977,18333.45,18725,5937.50536305
1606003200,18726.43,18770.55,17600,18435.2,6417.21771734
1606089600,18432.6,18786.31,18001.95,18383.35,9412.08722183
1606176000,18386.92,19442.13,18068.56,19160.85,13262.83116668
1606262400,19175.13,19490,18470.91,18732.43,8962.62225501
1606348800,18727.24,18911.04,16218,17160.09,21424.98655676
1606435200,17168.31,17471.89,16435.47,17154.39,8964.83242941
1606521600,17160.38,17896.03,16875.01,17741.79,4471.52202455
1606608000,17724.41,18352.47,17534.87,18192.03,3736.1591794
1606694400,18196.75,19864.15,18196.75,19700.19,10612.67092499
1606780800,19703.53,19918.01,18100,18771.43,11799.58943351
1606867200,18773.21,19346.9,18334,19226.55,6749.36401948
1606953600,19220.09,19621,18881.62,19448.4,6196.52507218
1607040000,19439.94,19552.5,18573.89,18673.76,6261.69674357
1607126400,18650.08,19185.17,18500,19162.16,2376.72322359
1607212800,19162.17,19418.39,18870.62,19380.58,2503.4542629
1607299200,19385.13,19431,18905,19173.5,4323.27044132
1607385600,19183.13,19300.55,18163.52,18316.43,5979.96623279
1607472000,18311.31,18654.92,17640.33,18556.64,8906.94524733
1607558400,18546.38,18562.13,17908,18250.3,6784.45549144
1607644800,18250.3,18290.43,17569.58,18040.02,6687.92267389
1607731200,18031.23,18956.46,18022.55,18815.63,3515.32704607
1607817600,18806.83,19416.64,18628.1,19162.36,4251.96121032
1607904000,19151.82,19346.9,18979.21,19274.33,3618.37690457
1607990400,19274.33,19567.84,19050,19434.87,6750.77219425
1608076800,19434.55,21576.76,19277.66,21365.7,14974.62184371
1608163200,21358.96,23777,21244.04,22814.24,22626.69253048
1608249600,22829.89,23284.68,22360.93,23136.14,11360.33890442
1608336000,23142.05,24217.38,22719.78,23842.99,8672.0376961
1608422400,23842.38,24298.04,23092.77,23470.85,5095.96264009
1608508800,23470.85,24123.83,21864.86,22732.01,12675.12801873
1608595200,22750.07,23843.21,22383.59,23835.1,9367.60948339
1608681600,23819.08,24096.9,22624.92,23247.71,11541.96937133
1608768000,23215,23779.14,22700.1,23726.28,7185.48205493
1608854400,23747.22,24777,23403.82,24705.15,6469.22897257
1608940800,24714.01,26809.5,24485.32,26466.28,7491.46184626
1609027200,26472.89,28377.94,25770,26259.6,13234.33412894
1609113600,26242.82,27473.49,26079.6,27037.91,7987.77761059
1609200000,27037.9,27395,25831.85,27370,9577.27829174
1609286400,27370,29010.32,27328.37,28881.3,11741.7333812
1609372800,28893.21,29300,27930.75,28992.79,9477.67661813
1609459200,28999.63,29700,28720,29402.64,8781.46555456
1609545600,29410.77,33333,29050,32216.53,17867.8788985
1609632000,32216.51,34800,31977.45,33097.83,14160.5812801
1609718400,33068.83,33669.76,27734,32005.88,22446.94000548
1609804800,32054.23,34500,29936.26,34039.05,14806.49650719
1609891200,34081.24,37050.83,33348.27,36849.94,19219.28788972
1609977600,36875.96,40402.46,36327.5,39510.49,23102.26120863
1610064000,39510.59,42000,36618.36,40667.07,22183.95174233
1610150400,40682.76,41422.77,38788.16,40239.06,8535.84731272
1610236800,40239.06,41450,34322.07,38173.73,16218.9974052
1610323200,38164.88,38261.39,30261.13,35455.58,40786.96425433
1610409600,35449.71,36639.23,32479.91,34035.02,18267.87445007
1610496000,34035.02,37800,32327.76,37393.49,13662.38751261
1610582400,37393.49,40112.78,36717.23,39134.35,10923.5047334
1610668800,39147.98,39694,34380,36756.57,13499.11727006
1610755200,36778.66,37944.12,35350,36000,7688.58269814
1610841600,36013.51,36839,33833.55,35819.25,6821.71255949
1610928000,35826.36,37449.86,34777.85,36616.95,6251.2145414
1611014400,36665.82,37874.71,35888,35917.62,6578.85825052
1611100800,35888.13,36440.1,33400,35496.91,12160.46753333
1611187200,35516.17,35620.96,30044.16,30818.18,21214.6412581
1611273600,30817.86,33864.85,28800,32992.06,17019.5834508
1611360000,32989.1,33468.46,31426.11,32117.49,5255.74586786
1611446400,32098.38,33075.75,30960.77,32288.83,4658.70962563
1611532800,32289.06,34888,31939.12,32261.22,10038.75547087
1611619200,32264.15,32953.28,30847.4,32504.53,11554.91101117
1611705600,32521.65,32580.12,29150.49,30424.62,22403.70666206
1611792000,30427.34,33870.58,29899.99,33484.87,17879.35697563
1611878400,33488.66,38620,31990,34249.64,31439.61903418
1611964800,34265.71,34931.39,32860,34323,7281.28566632
1612051200,34300.19,34380.21,32193.7,33141.38,4750.12315608
1612137600,33110.32,34736.1,32333.01,33532.74,8374.05662032
1612224000,33497.16,36008.67,33431.67,35522.16,7225.86501969
1612310400,35496.91,37732.87,35382.45,37691.63,8777.33287657
1612396800,37693,38748.52,36197.65,36996.32,11762.80234811
1612483200,36984.28,38359.69,36618.36,38320,5211.97488137
1612569600,38320,41025.48,38230.81,39282.1,8635.66020711
1612656000,39274.8,39727.44,37412.93,38858.39,5973.24016085
1612742400,38870.36,46712.12,38050.97,46416.45,19053.71343569
1612828800,46445.51,48216.09,45000,46505.2,12505.08248337
1612915200,46493.9,47364.09,43746.06,44854.63,9483.3289564
1613001600,44854.63,48696.84,44040.96,47981.48,9390.81635484
1613088000,48044.88,49000,46231.16,47395.84,5970.13590277
1613174400,47424.25,48220,46133,47228.48,4271.67215148
1613260800,47258.66,49714.66,47081.02,48662.5,5201.6939256
1613347200,48620.48,49048.82,45914.75,47942.57,6924.33408866
1613433600,47954.05,50602.53,47036.02,49166.53,8376.07608814
1613520000,49136.7,52640,48896.19,52174.28,9571.64796874
1613606400,52141.23,52566.98,50869.61,51579.54,6330.14291878
1613692800,51560.46,56399.99,50627.32,55988.58,9229.78250415
1613779200,56000.59,57553.81,54000,55936.04,5187.25046252
1613865600,55919.75,58354.14,55537.99,57492.91,3562.96950963
1613952000,57485.74,57564.19,47400,54173.65,17002.83273081
1614038400,54173.64,54196.58,44845.72,48887.93,17766.39814895
1614124800,48927.33,51459.51,47000,49754,8774.36674339
1614211200,49715.13,52079.16,46723,47088.58,7920.69294708
1614297600,47070.18,48476.62,44151.97,46314.83,8126.22740854
1614384000,46324.15,48365.31,45050,46109.98,3071.56836645
1614470400,46142.1,46659.88,43021,45240.96,6668.91811403
1614556800,45261.56,49831.52,45020.25,49629.33,8512.7594378
1614643200,49641.89,50250,47069.52,48516.35,4945.78880692
1614729600,48438,52652.82,48168.45,50379.68,6151.4871525
1614816000,50376.05,51817.54,47500,48360.5,5641.61213573
1614902400,48353.09,49471.24,46294,48739.21,5219.24690875
1614988800,48774.67,49200,47082.29,48904.63,2141.06029528
1615075200,48933.12,51477.53,48933.12,50967.3,2818.44991057
1615161600,50952.55,52427.8,49316.98,52427.8,4419.56113432
1615248000,52427.8,54939.26,51857,54929.02,5428.89224399
1615334400,54927.29,57402.89,53010,55852.29,6916.27818124
1615420800,55918.09,58155.99,54269,57772.09,6640.48776529
1615507200,57847.92,58098.5,55011,57271.04,5232.31057076
1615593600,57297.67,61781.83,56080.96,61165.19,6187.83400169
1615680000,61177.03,61700,58959.57,59016.39,3274.12215493
1615766400,58956.9,60595.13,54555,55644.37,7725.21404982
1615852800,55616.42,56950,53221,56908.34,7733.22669474
1615939200,56928.38,58968.8,54124,58901.8,5840.07702599
1616025600,58939.73,60083.25,57000,57648.05,5516.46389423
1616112000,57648.01,59450.95,56279.34,58072,3523.48233151
1616198400,58029.94,59957,57815.61,58138.39,2382.94564802
1616284800,58072.87,58632.52,55500,57381.79,3628.79780904
1616371200,57410.54,58461.78,53715,54070.92,6566.96696309
1616457600,54117.71,55866.44,52933.03,54361.57,4996.46365198
1616544000,54360.07,57207.33,51638.76,52287.52,6867.5643368
1616630400,52281.77,53271.59,50360,51326.11,6682.61740401
1616716800,51292.65,55114.86,51263.38,55081.37,4874.25111496
1616803200,55081.26,56686.15,53948.35,55839.42,2609.96757961
1616889600,55817.85,56573.04,54677.51,55790.92,2073.4491914
1616976000,55790.28,58402.68,54892.42,57600.1,5360.42566319
1617062400,57623.66,59388.66,57011,58760.59,3392.33861916
1617148800,58767.75,59816.17,56713.45,58782.58,4595.25252072
1617235200,58789.96,59490,57935.42,58728.53,2786.58091029
1617321600,58744,60103.04,58450,59003.6,2564.6000207
1617408000,58967.61,59801.39,56922,57064.42,1663.26835296
1617494400,57064.13,58501,56466.25,58212.18,1440.63181986
1617580800,58213.69,59280,56800,59125,2402.43713513
1617667200,59135.36,59473.9,57216,58018.3,2711.39784733
1617753600,58024.9,58668,55441.93,55932.83,5454.57661606
1617840000,55912.38,58145.49,55680.4,58096.6,4586.80685854
1617926400,58066.18,58890.25,57657.43,58109.56,2660.64809651
1618012800,58129.02,61222.22,57870,59766.93,3917.95081704
1618099200,59773.19,60679,59165.15,59979.26,1822.72044967
1618185600,59972.26,61234.56,59361.11,59831.66,3707.43645474
1618272000,59814.87,63769,59780,63564.48,5711.52676941
1618358400,63605.69,64895.22,61327,62986.09,6002.89354304
1618444800,62954.2,63855.37,61998.9,63239.19,3433.44934498
1618531200,63247.24,63580.4,60042.04,61436.24,5778.81668659
1618617600,61436.23,62596.48,59676.67,60032.29,3091.48365756
1618704000,60048.82,60433.81,51541.16,56280.6,12869.85937399
1618790400,56260.83,57633,54252.88,55694.55,5791.23906226
1618876800,55694.55,57119,53400,56503.19,5863.88283884
1618963200,56493.02,56850,53628.79,53806.24,4578.25708723
1619049600,53823.48,55491.8,50450.01,51683.95,7838.95634691
1619136000,51693.98,52131.34,47555,51176.65,11649.31918465
1619222400,51177.77,51227.38,48713.34,50118.94,3445.13658315
1619308800,50126.34,50608.94,47004.2,49128.43,4167.43570798
1619395200,49122.75,54404.78,48823.01,54073.41,6046.79682802
1619481600,54015.32,55519.37,53325.75,55091.39,4111.12521596
1619568000,55094.73,56500,53811.49,54901.97,4542.50992013
1619654400,54898.45,55239.33,52379.9,53593.97,4172.67670698
1619740800,53585.93,58008,53087.15,57775.27,4809.18204712
1619827200,57790.66,58549,57049.63,57851.91,2248.55545142
1619913600,57893.01,57967.01,56064.51,56622.66,1887.08427188
1620000000,56599.91,59000,56500,57222.37,3636.51735676
1620086400,57227.64,57250.85,53080.69,53236.84,5747.19401914
1620172800,53221.75,57976.62,52924.5,57509.93,5504.55788108
1620259200,57517.08,58420.83,55283,56447.39,5144.23317131
1620345600,56425.82,58743.85,55288.11,57381.73,4234.70954424
1620432000,57371.02,59564.24,56977.5,58984.75,2928.99345356
1620518400,58964.89,59300.62,56256,58305.24,2589.62561937
1620604800,58336.16,59603,53500,55880.72,6589.4271403
1620691200,55854.43,56972.33,54500,56763.7,4203.16906929
1620777600,56763.7,58021.26,48530,49386.56,6367.35410217
1620864000,49419.44,51420.72,45700,49694.96,9096.38363317
1620950400,49711.64,51572,48875.69,49880.43,4011.0819038
1621036800,49883.89,50710.93,46448.53,46708.89,3613.92837843
1621123200,46753.4,49800,43769.4,46444.75,5750.08326356
1621209600,46446.42,46648.5,42100,43593.39,12262.72268102
1621296000,43581.27,45872.05,42023.69,42877.75,6275.91387222
1621382400,42900.85,43601.63,30066,36780.43,32468.86397019
1621468800,36793.39,43000,35000,40640.9,14703.03041947
1621555200,40566.13,42297.89,33520,37335.16,13106.84060164
1621641600,37318.43,38887.99,35260,37500.54,5720.00562166
1621728000,37474.34,38311.74,31107.46,34706.79,9376.29208573
1621814400,34735.35,39960,34426.21,38839.86,10213.18324641
1621900800,38848.36,40000,36486.85,38397.72,5765.3472603
1621987200,38385.87,40904,37859.74,39309.56,4205.61283515
1622073600,39299.46,40429.47,37212.9,38503.47,4113.43820958
1622160000,38578.5,38905.12,34710.23,35692.46,6167.02059154
1622246400,35691.36,37348.01,33650,34632.08,4457.16762006
1622332800,34644.09,36516.99,33425,35677.72,2979.71977699
1622419200,35675.3,37540.96,34195.2,37341.41,4383.79233382
1622505600,37279.89,37927.44,35699.98,36693.3,4348.7544836
1622592000,36693.3,38256.3,35933.19,37589.36,4270.10341121
1622678400,37585.12,39490,37176.06,39219.88,4058.94293164
1622764800,39242.94,39277.36,35576.67,36887.32,5786.18608707
1622851200,36851.58,37927.93,34849.65,35532.14,4106.34880652
1622937600,35532.59,36510.58,35250,35808.85,2526.73361997
1623024000,35810.69,36808.3,33321.09,33582.62,4913.04022502
1623110400,33567.51,34085.61,31025,33411.69,9044.64846998
1623196800,33413.19,37556.25,32423.72,37400,8539.5873422
1623283200,37414.64,38446.24,35824.69,36707.54,5761.7248874
1623369600,36724.97,37680.65,35958.49,37341.11,3741.23051559
1623456000,37338.91,37445.55,34630,35542.76,3727.9523535
1623542400,35563.66,39386.43,34783.9,39013.76,3601.91766642
1623628800,39035.52,41050,38758.4,40532.79,6281.28059699
1623715200,40544.19,41341.57,39526.47,40171.47,4078.8019744
1623801600,40166.93,40506.59,38095.41,38353.99,4008.51296381
1623888000,38361.38,39553.05,37350,38097.68,3569.2526164
1623974400,38110.25,38208.68,35143.68,35840,4240.40486721
1624060800,35849.18,36440,34718.21,35507.06,3129.33472247
1624147200,35494.7,36125,33337,35589.77,3958.11811992
1624233600,35598.66,35763.8,31238.69,31634.16,8580.06222043
1624320000,31628.83,33315.85,28600,32545.26,9778.51694548
1624406400,32547.57,35000,31670.89,33652.28,5855.58129399
1624492800,33693.99,35289,32314.37,34649.32,4725.82718452
1624579200,34652.68,35517.22,31271.02,31597.75,5099.26353351
1624665600,31595.95,32714.46,30082.79,32269.38,3300.16005776
1624752000,32293.98,34772.94,32015.82,34699.5,3260.56534452
1624838400,34716.02,35357.13,33878.23,34487.11,3369.99371686
1624924800,34494.42,36623.79,34240,35907.93,3179.50783988
1625011200,35900.05,36099.82,34049.36,35037.23,3381.0453953
1625097600,35059.71,35071.34,32700.88,33564.21,3118.76325902
1625184000,33537.11,33981.51,32700.05,33811.56,2086.83881625
1625270400,33810.46,34959.72,33333.1,34688.3,1244.49692391
1625356800,34672.08,35960,34404.29,35289.21,1204.00371528
1625443200,35255,35258.7,33143,33704.21,2254.35340918
1625529600,33730.76,35100.49,33510.58,34244.09,2386.50511711
1625616000,34231.95,35059.02,33800,33882.47,1540.04244824
1625702400,33858.33,33943.02,32101,32898.79,2945.85492495
1625788800,32892.94,34115.44,32285.73,33826.43,1636.57507041
1625875200,33830.73,34261.04,33014.21,33517.6,1442.42483187
1625961600,33521.48,34635.82,33335.49,34258.53,1635.01765874
1626048000,34266.84,34677,32660,33105,1879.53733471
1626134400,33091.53,33340,32190,32728,1870.57403303
1626220800,32737.56,33111.72,31589.35,32823.55,2753.09806091
1626307200,32818.68,33179,31121.57,31848.65,2470.21303625
1626393600,31885.7,32264.53,31012.93,31388.17,1912.46866725
1626480000,31376.3,31950,31176.66,31529.68,1550.07201059
1626566400,31509.33,32440.98,31100,31776.65,1256.54606075
1626652800,31794.49,31881.71,30400,30829.29,2506.27744084
1626739200,30822.08,31068.62,29296.39,29786.58,3413.24206454
1626825600,29792.99,32875.42,29500,32138.45,4842.16399723
1626912000,32115.82,32609.83,31703.15,32300.88,2392.46948134
1626998400,32306.98,33684.17,32000,33684.17,1976.38421775
1627084800,33685,34534.32,33419.31,34301.78,1440.46627864
1627171200,34301.86,35448.97,33874.03,35428.28,2063.49425027
1627257600,35438.93,40581.3,35282.7,37291.24,8840.39875048
1627344000,37271.44,39539.5,36386.19,39475.41,5896.66715588
1627430400,39446.94,40927.53,38786.8,40036.32,3943.47800378
1627516800,40024.8,40662.8,39239.95,40037.51,2306.03838571
1627603200,40045.21,42335.5,38331.37,42234.89,3651.71579023
1627689600,42236.72,42411.32,41007.51,41490.13,1507.86822076
1627776000,41489.16,42614.85,39424.27,39839,2042.01706796
1627862400,39875.2,40459.31,38687.62,39165.55,2407.96526999
1627948800,39157.52,39792.83,37639,38177.07,3279.64493738
1628035200,38173.75,39973.94,37481,39741.12,4080.83535873
1628121600,39742.77,41401.96,37300,40894.67,5804.4070686
1628208000,40893.77,43381,39879.47,42856.59,2937.38483944
1628294400,42857.09,44763.14,42251,44612.94,4886.93838098
1628380800,44624.4,45355,43298.84,43858.42,3647.1306298
1628467200,43836.05,46529.02,42811.26,46292.89,4961.58828106
1628553600,46282.3,46759,44643,45609.7,2390.08850832
1628640000,45596.21,46787.6,45353.02,45539.85,2606.12636675
1628726400,45536.8,46236.7,43800.02,44444.45,2463.50628392
1628812800,44413.35,47929.18,44253.97,47860.58,2934.74203072
1628899200,47855,48190,46000,47119.73,1908.95141153
1628985600,47130.97,47424,45500.27,47028.3,1726.79562797
1629072000,47024.96,48075.22,45654.14,45930.51,2410.15099528
1629158400,45930.48,47183.37,44417.51,44694.35,3286.2732645
1629244800,44631.47,46041.62,44218.73,44721.13,2247.93415783
1629331200,44734.16,47114.99,43935.54,46764.3,2776.2376849
1629417600,46759.29,49436.1,46645.77,49356,2815.55159523
1629504000,49332.31,49833.02,48300,48884.34,1768.24156609
1629590400,48883.84,49540.01,48080.17,49301.86,985.76533304
1629676800,49296.71,50562.11,49010,49561.37,2419.86814706
1629763200,49516.08,49893.5,47593.66,47731.33,2217.80305724
1629849600,47670.8,49273.93,47100,49011.75,1902.72053396
1629936000,49022.39,49387.6,46309.33,46856.29,2091.1098261
1630022400,46857.86,49187,46363,49100.49,1943.55725598
1630108800,49100.49,49325,48244.88,48935.36,692.70588551
1630195200,48947.1,49666,47798.29,48808.72,1044.48189034
1630281600,48782.56,48915.29,46855.41,47003.44,1676.48255108
1630368000,46969.05,48270.33,46699,47156.09,2239.1677032
1630454400,47118.02,49134,46532.42,48853.49,2194.6300788
1630540800,48830.93,50390,48625,49274.79,2267.93197524
1630627200,49284.93,51050,48351.6,50025.04,2226.78294854
1630713600,50033.5,50570.94,49388.26,49943.16,869.28839285
1630800000,49965.32,51900,49500,51809.28,986.487083
1630886400,51809.28,52810,51024.32,52708.2,2057.32862241
1630972800,52719.43,52956.47,42900.01,46866.82,6811.92218815
1631059200,46894.3,47386.72,44436.93,46091.94,3309.09834404
1631145600,46070.43,47419.95,45550,46392.81,2595.98696952
1631232000,46368.11,47029.08,44125,44857.38,2392.57110617
1631318400,44858.2,45993.32,44767.75,45176.66,906.80620376
1631404800,45162.96,46491.63,44752.96,46035,1015.76215832
1631491200,46039.42,46895.82,43400,44974.34,2308.42207379
1631577600,44983.77,47273.38,44704.18,47103.18,1643.95662405
1631664000,47123.81,48465.77,46702.26,48150.94,1307.24871087
1631750400,48188.12,48505,47035,47760.64,1886.04173385
1631836800,47773.44,48179,46712.14,47305.18,1558.52317573
1631923200,47316.21,48834,47052.9,48326.74,1452.50623073
1632009600,48307.05,48389.52,46860,47245.25,999.59599085
1632096000,47257.86,47334.54,42453.97,43035.99,4240.48541968
1632182400,43003.07,43643.34,39573.21,40596.54,5961.58790269
1632268800,40702.07,44031.85,40580.18,43589.53,3040.94514066
1632355200,43586,45013.17,43105,44903.5,2317.75578384
1632441600,44893.7,45159.9,40693.27,42848.5,4348.92828394
1632528000,42835.88,43010.69,41689.6,42722.19,879.19677382
1632614400,42699.1,43956.38,40808,43204.73,1659.78466242
1632700800,43162.82,44377.7,42130,42189.81,1936.64957217
1632787200,42154.87,42778.93,40888,41049,2246.85357977
1632873600,41024.21,42595.93,40750,41542.9,1804.77808474
1632960000,41537.56,44117.74,41427.87,43834.43,2614.50420927
1633046400,43835.47,48500,43291.07,48171.86,3446.87226506
1633132800,48185.61,48361.83,47468.15,47685.8,1361.84402667
1633219200,47644.63,49225.55,47119.87,48235.93,1164.6029687
1633305600,48231.04,49530.53,46900,49242.14,2737.78053315
1633392000,49283.89,51914.68,49075,51501.19,2206.59644303
1633478400,51521.89,55800,50428.64,55345.79,4441.90271751
1633564800,55360.1,55360.32,53289.57,53787.6,2349.70121453
1633651200,53816.16,56168,53623.02,53957.21,2217.75513685
1633737600,53952.82,55512.05,53674.69,54976.92,1061.02324334
1633824000,54984.49,56561,51000,54714.95,1735.42193508
1633910400,54657,57855.79,54462.45,57485.2,1955.78560334
1633996800,57490,57701,53909,55995.49,3224.83970306
1634083200,56004.61,57773.89,54231,57374.55,3359.69683046
1634169600,57395.84,58550,56830.56,57371.58,1879.45401231
1634256000,57370.48,62944.94,56877,61657.35,4205.4230703
1634342400,61703.45,62352,60100.27,60870.26,1263.44800176
1634428800,60885.27,61712,58933,61538.97,1261.12996084
1634515200,61519.52,62679,59013,62034.65,5754.5518416
1634601600,62014.99,64499,61350,64241.61,3253.73979225
1634688000,64282.2,67016.5,63529,65990.31,3070.68430005
1634774400,66027.81,66664.1,61850,62219.44,3891.52853281
1634860800,62207.51,63757.28,59953.74,60702.68,3159.42528548
1634947200,60698.54,61737.38,59633.61,61338.76,1056.07965827
1635033600,61306.64,61497.33,59510,60910.16,1204.84773547
1635120000,60883.96,63733.93,60670,63101.43,1730.14621615
1635206400,63101.43,63299.3,59830,60328.22,1965.54522515
1635292800,60331.4,61489,58100.01,58465.9,3479.73809611
1635379200,58471.06,62524,56425,60592.76,3769.75506439
1635465600,60608.95,62971.54,60154.53,62301.59,3884.64236172
1635552000,62278.92,62376.32,60660.02,61932.3,1542.31917477
1635638400,61904.96,62438.85,60000,61359.44,1548.12901591
1635724800,61356.57,62500,59500,60922.85,2507.39797107
1635811200,60949.78,64300,60669.91,63260,3336.52681752
1635897600,63260,63567.21,60018.46,62930.72,2148.47086339
1635984000,62945.38,63136.82,60725,61457.25,1507.54272229
1636070400,61430.02,62666.52,60769.17,61031.91,1569.40792218
1636156800,61008.19,61609.5,60109.91,61542.44,1268.5118197
1636243200,61542.43,63300,61396.57,63300,1115.66885061
1636329600,63300,67803.55,63300,67559,2715.42386367
1636416000,67547.49,68564.4,66250,66945.72,2136.85836086
1636502400,66928.42,69000,62856.71,64921.43,3419.11869317
1636588800,64919.18,65625.44,64140,64821.33,1583.28379977
1636675200,64783.13,65497.53,62294.84,64158.41,2519.30730563
1636761600,64140.23,64980,63400,64417.52,830.13101807
1636848000,64403.43,65509.87,63595.76,65509.87,1247.88451724
1636934400,65509.87,66387.4,63348.91,63606.09,2000.8236224
1637020800,63621.61,63628,58563,60142.31,4632.77331708
1637107200,60115.12,60888.5,58400,60373.65,3716.81055911
1637193600,60376.94,60978.39,56516.44,56917.66,6160.70975752
1637280000,56924.94,58402.05,55640,58128.55,3277.02585927
1637366400,58126.46,59896.54,57424.27,59768.54,1172.15930996
1637452800,59785.85,60090.55,58525.84,58678.47,895.6750948
1637539200,58679.27,59516.78,55628.57,56294.11,2943.16337271
1637625600,56283.8,57897.54,55128.6,57579.99,2732.08480061
1637712000,57583.91,57750.2,55894.62,57185.06,1809.45432912
1637798400,57169.19,59445.45,57044.42,58990.14,1362.17480499
1637884800,59004.88,59207.36,53524.03,53789.35,5221.84056738
1637971200,53794.32,55382,53653.45,54774.66,1360.56586778
1638057600,54764.24,57482.42,53308.93,57338.55,1377.55454862
1638144000,57327.32,58931.07,56750,57845.12,2069.734969
1638230400,57843.33,59250,55918.8,56974.12,3562.71762735
1638316800,57027.28,59099.64,56469.22,57251.59,2515.54071956
1638403200,57232.71,57413.52,55839.85,56547.96,2758.14469791
1638489600,56534.26,57652,51556.01,53743.69,2964.76818531
1638576000,53685.47,53877.77,41967.5,49234.97,10025.68966854
1638662400,49240.81,49777.62,47836.34,49463.22,5156.66613697
1638748800,49484,50986,47111,50555,4652.11767659
1638835200,50550.09,51991,50062.13,50627.32,1719.31761862
1638921600,50635.87,51249.41,48656.2,50543.3,1598.43571319
1639008000,50535.15,50839.01,47332.43,47593.12,2585.43270776
1639094400,47573.43,50132.88,46886,47142.42,2705.17070403
1639180800,47179.53,49539.4,46789,49400.54,1323.03955982
1639267200,49420.51,50800,48675,50124.38,1233.78838616
1639353600,50102.31,50226.2,45750,46725.02,3337.44792896
1639440000,46736.7,48689.3,46310.4,48389.96,2016.58981458
1639526400,48386.95,49514.85,46560,48876.84,2593.35180959
1639612800,48876.84,49449,47506.21,47663.42,1456.25725801
1639699200,47654.99,48018.52,45478.74,46210.92,2077.28024679
1639785600,46141.63,47370.14,45501,46881.87,827.39374258
1639872000,46854.18,48307.34,46450,46704.67,1275.49937089
1639958400,46671.66,47547.5,45572.94,46915,1726.01603262
1640044800,46926.72,49353.49,46667.08,48929.86,1674.16446918
1640131200,48907.75,49600,48449.87,48618.99,1306.16574192
1640217600,48618.99,51386.66,48051.1,50850,1715.35802664
1640304000,50850,51864.56,50442.34,50841.48,1446.08883091
1640390400,50857.42,51179.36,50190.9,50442.22,823.04872916
1640476800,50421.51,51292.65,49458.85,50791.21,1015.22197466
1640563200,50885.32,52098.6,50479.44,50718.11,1102.98343745
1640649600,50708.05,50719.59,47300,47543.3,2215.26863352
1640736000,47597.7,48157.41,46099.94,46483.36,2089.30815829
1640822400,46474.59,47916.32,45934.37,47150.71,2162.27044303
1640908800,47110.3,48589.47,45655.31,46214.37,1798.55260406
1640995200,46230,47960.98,46199.9,47777.42,741.52060313
1641081600,47745.25,47989,46660,47350.22,702.0947554
1641168000,47290.55,47586.58,45692.13,46439.89,1140.17908832
1641254400,46464.01,47526,45539.05,45820,1832.61283694
1641340800,45828.77,46855.06,42413.59,43435.8,3397.54577759
1641427200,43417.31,43782.86,42414,43097.6,2450.1130935
1641513600,43093.4,43135.35,40600,41535.66,2984.20586087
1641600000,41576.73,42315.31,40517.05,41690.77,1581.47361959
1641686400,41697.32,42796.49,41200,41875.81,1532.58823403
1641772800,41853.98,42256.55,39558.7,41845.42,3494.01378649
1641859200,41842.22,43144.74,41284.11,42736,2442.65415081
1641945600,42754.44,44337.26,42471.17,43933.5,2502.76210107
1642032000,43935.01,44456.34,42321,42571.94,1993.88324273
1642118400,42579.44,43468.95,41782.21,43102.35,1386.83275834
1642204800,43085.76,43826.8,42387.86,43102.01,707.65852297
1642291200,43084.77,43495.59,42615,43107.7,621.95302734
1642377600,43099.08,43209.47,41581,42255.07,1060.00938797
1642464000,42230.09,42685.25,41290.06,42377.4,1638.87085963
1642550400,42378.23,42589.9,41145.23,41683.21,1664.70405269
1642636800,41733.21,43518.69,40554.14,40736.05,2425.15260695
1642723200,40654.72,41115.58,35423,36495.46,6201.04610092
1642809600,36447.37,36825.98,34000,35091.11,4510.37218636
1642896000,35084.79,36574.47,34624.59,36293.62,2533.70397599
1642982400,36262.21,38050,32950.72,36724.99,6335.15428027
1643068800,36721.59,37552.3,35722.43,36975.91,2793.69107911
1643155200,37006.76,38946,36279.21,36829.32,3663.15557069
1643241600,36824.02,37251,35511.32,37208.36,3103.82301099
1643328000,37179.62,38022.11,36173.98,37748.36,2420.65410706
1643414400,37713.14,38741.67,37327.79,38192.65,1296.90892268
1643500800,38176.45,38378.88,37372.59,37941.82,708.79481272
1643587200,37914.1,38776.33,36631.66,38491.92,2009.13000337
1643673600,38483.56,39285,38033.78,38733.04,2073.9387171
1643760000,38768.08,38883.96,36618.36,36923.5,1672.70719509
1643846400,36924.5,37391.74,36264.55,37320.11,1624.39014671
1643932800,37330.75,41760.39,37064.28,41579.57,3901.59890405
1644019200,41608.82,41983.12,40975,41427.72,1892.23797403
1644105600,41422.7,42701.86,41141.81,42420.24,854.67571444
1644192000,42420.24,44524.18,41682.11,43869.04,2601.46944039
1644278400,43895.6,45501,42701.19,44091.56,2591.80146351
1644364800,44106.95,44865.72,43164,44426.84,1625.88352507
1644451200,44426.24,45850,43209.07,43524.6,2692.62339808
1644537600,43540.15,43969.72,41983.12,42406.19,2170.37239741
1644624000,42392.22,43034,41740.06,42241.11,892.34533043
1644710400,42232.68,42779.6,41882.54,42077.74,515.45574228
1644796800,42078.53,42871.68,41575,42540.3,1270.88651697
1644883200,42567.27,44785.66,42469.96,44582.48,1772.92325828
1644969600,44590.75,44590.75,43312.83,43901.48,1251.8335942
1645056000,43901.49,44204.78,40088.88,40556.11,2437.49036088
1645142400,40532.66,40996.31,39450,39996.99,2212.7149201
1645228800,40008.75,40471.27,39587.08,40109.02,695.654296
1645315200,40108.62,40151.62,37974.18,38373.9,1283.5115474
1645401600,38384.09,39494.11,36810.72,37076.6,3501.42036418
1645488000,37036.98,38463.88,36368.99,38269.94,2388.75903515
1645574400,38269.94,39303.24,37060.16,37274.18,1778.27525833
1645660800,37253.26,39720,34324.05,38376.88,6302.85095659
1645747200,38360.93,39727.97,38027.61,39231.64,2202.85182731
1645833600,39242.64,40330.99,38600,39146.66,912.7240869
1645920000,39146.66,39886.92,37015.74,37712.68,1701.81704307
1646006400,37717.1,44256.08,37468.99,43178.98,3160.61807044
1646092800,43221.71,44981.22,42847.85,44443.96,2831.29722228
1646179200,44443.98,45332.38,43350,43936.72,2043.55683949
1646265600,43936.73,44118.53,41832.34,42476.26,2253.43076958
1646352000,42476.25,42540.57,38590.95,39175.56,2493.65743037
1646438400,39170.19,39620.3,38600.3,39416.79,806.91142871
1646524800,39390.31,39701,38100,38438.89,1194.37373381
1646611200,38404.97,39557.26,37169.52,38016.47,1949.69691981
1646697600,38002.23,39377,37885.05,38753.65,1864.90461382
1646784000,38761.13,42591.68,38667.65,41960.02,1980.29362461
1646870400,41952.13,42053.95,38545.19,39444.45,2506.23482676
1646956800,39433.48,40237.22,38244.76,38729.79,2063.22335158
1647043200,38729.79,39458.58,38653.89,38822.02,962.85566586
1647129600,38798.68,39312.5,37595.62,37790.54,737.88013225
1647216000,37763.37,39913.42,37567.19,39665.71,1439.76768221
1647302400,39688.55,39896.13,38142.35,39302.7,1638.68402951
1647388800,39302.8,41693.97,38865.67,41142.76,5987.10388902
1647475200,41142.76,41497.24,40449.06,40963.22,1657.76165332
1647561600,40963.22,42362,40068.88,41794.37,2125.12318171
1647648000,41781.96,42405.01,41553.88,42235.31,976.88885105
1647734400,42240.43,42324.06,40930.2,41242.14,1061.35307364
1647820800,41293.19,41588.7,40516.86,41043.14,1779.49806583
1647907200,41018.36,43337.41,40901.13,42393.41,2375.4246535
1647993600,42393.62,43021.73,41779.11,42925.41,1906.72354645
1648080000,42912.21,44240,42636.54,44025.99,2173.30497451
1648166400,44025.99,45137.12,43616.88,44320.6,1725.0715699
1648252800,44340.49,44815.31,44101,44535.65,494.7242021
1648339200,44553.24,46950,44456.9,46864.39,1548.88890527
1648425600,46854.96,48234,46672.25,47152.38,2691.93784761
1648512000,47152.38,48128.87,46941.84,47459.03,1716.32392308
1648598400,47459.03,47721.41,46572.15,47068.08,1627.54321756
1648684800,47086.07,47624.18,45234,45517.27,1372.96510736
1648771200,45522.53,46739.81,44244,46307.81,1953.21952857
1648857600,46306.38,47218.17,45650,45820.28,724.30875007
1648944000,45820.28,47458.48,45565.64,46401.57,1063.6287324
1649030400,46414.88,46891.17,45124.79,46598.2,1496.64154125
1649116800,46598.2,47201,45342.33,45502.73,1127.69043708
1649203200,45512.95,45548.77,43086.8,43191.59,3073.55689716
1649289600,43172.83,43896.45,42741.52,43454.53,1381.67737796
1649376000,43467.82,43986.09,42120,42290.11,1453.744661
1649462400,42258.22,42807.63,42131.51,42767.89,525.17354399
1649548800,42774.85,43450.72,41888.88,42133.85,862.61310467
1649635200,42159.45,42415.57,39218.15,39524.86,2288.47921183
1649721600,39545.37,40691.01,39273.65,40097.46,2111.92057359
1649808000,40099.51,41557.61,39584.86,41147.74,1563.48448746
1649894400,41159.29,41504.29,39582.53,39961.53,1169.49381805
1649980800,39962.6,40869.99,39788.97,40563.18,752.39943803
1650067200,40576.41,40701,40014.79,40395.67,365.72624783
1650153600,40379.81,40602.69,39565.68,39691.27,485.0037186
1650240000,39660.62,41101,38547.12,40814.6,2421.08185584
1650326400,40814.6,41754.05,40578.58,41505.77,1457.11081239
1650412800,41476.89,42220.04,40893.21,41375.85,1359.54131303
1650499200,41378.77,42978.95,39770,40470.76,2163.31405365
1650585600,40497,40808.66,39197.64,39726.03,2136.9997712
1650672000,39700.55,39983.98,39301,39421.59,398.24448783
1650758400,39438.51,39944.65,38987,39467.4,663.70417243
1650844800,39464.67,40602.85,38202.91,40441.11,2220.04402771
1650931200,40452.52,40800,37701,38137.67,2909.72251989
1651017600,38105.68,39494.73,37885.75,39256.05,1769.00930667
1651104000,39254.4,40387,38880.44,39754.2,1842.00508443
1651190400,39753.28,39923.61,38174.27,38593.42,1600.89916681
1651276800,38599.3,38786.95,37597.36,37639.8,728.27961992
1651363200,37638.78,38672.2,37400,38488.34,1248.04269032
1651449600,38484.46,39153.13,38045.79,38521.01,1434.10079893
1651536000,38506.38,38641.57,37515.83,37729.95,1157.92207652
1651622400,37735.35,40050.19,37665.46,39685.23,2297.27213438
1651708800,39685.23,39840.37,35579.4,36533.93,3736.73012912
1651795200,36542.41,36648.2,35268.69,36019.22,2594.53333069
1651881600,36019.15,36123.99,34777.85,35463.46,1224.39699253
1651968000,35465.46,35496.55,33710.16,34025.5,2670.39981616
1652054400,34051.2,34224.35,30015,30082,7631.12166167
1652140800,30066.48,32650,29731.03,30999.97,7402.30231296
1652227200,31002.27,32148.15,27757.77,29000,11180.84883589
1652313600,28999.99,30090.7,25401.05,28896.19,16578.810599
1652400000,28932.69,30974.6,28686.37,29238.81,6010.27363922
1652486400,29239.41,30281.49,28561.23,30033.96,2910.99216303
1652572800,30041.16,31411.48,29440.71,31295.03,2085.06630084
1652659200,31275.27,31275.27,29060,29832.45,3112.79429009
1652745600,29847.53,30753.96,29400,30425.36,2143.92566327
1652832000,30423.9,30670,28615.23,28681.26,2318.15544994
1652918400,28681.15,30505.14,28656.46,30290.33,2516.77484526
1653004800,30271.22,30725.56,28690.13,29176.7,2337.17319044
1653091200,29176.7,29621.01,28914.7,29421.05,490.42738451
1653177600,29400.34,30457.58,29209.03,30264.66,1318.89417974
1653264000,30264.66,30628,28839.29,29081.76,2158.65047198
1653350400,29081.76,29810.38,28632.4,29632.15,1490.23613231
1653436800,29626.53,30189.7,29313.78,29510.15,1563.30877003
1653523200,29511.95,29853.34,28003,29183.06,2835.00522362
1653609600,29183.39,29360.34,28253.57,28589.48,2109.94198208
1653696000,28606.08,29231.9,28498.73,29010.82,721.5469467
1653782400,29010.82,29561.04,28814.46,29448.94,909.19180016
1653868800,29454.69,32195.68,29276.15,31731.22,3257.5487365
1653955200,31677.13,32375.81,31181.26,31762.76,1621.62249868
1654041600,31777.06,31962.79,29309.84,29787.4,2629.80184718
1654128000,29791.96,30688.82,29568.13,30437.18,1226.29074296
1654214400,30437.77,30670.07,29232.99,29669.39,1151.14514737
1654300800,29688.17,29948.84,29444.21,29853.51,472.40386055
1654387200,29834.06,30153.18,29514.96,29888.98,563.06294053
1654473600,29905.46,31737.31,29868.16,31351.21,2494.10424691
1654560000,31351.1,31536.11,29184.25,31115.82,3672.30493412
1654646400,31108.3,31310.53,29831.85,30185.58,1909.67240307
1654732800,30190.31,30672.56,29920.56,30089.03,953.92926451
1654819200,30068.53,30333.81,28832.83,29065.66,2545.34126907
1654905600,29065.66,29403.62,28085.75,28390.94,1587.1952467
1654992000,28397.38,28523.06,26500,26585.1,2588.83347441
1655078400,26538.63,26845.63,21910.26,22450.43,12621.88318574
1655164800,22407.53,23288.88,20816.35,22097.3,8576.80050998
1655251200,22077.83,22756,20079.72,22555.27,13481.53959307
1655337600,22563.82,22957.01,20200,20382.88,4889.1243038
1655424000,20387.66,21325.06,20220.16,20440.7,3615.09731757
1655510400,20428.19,20758,17592.78,18956.8,7958.38532206
1655596800,18952.14,20783.48,17930.7,20552.82,5100.88311828
1655683200,20557.2,21036.89,19616.1,20555.44,5112.85052521
1655769600,20555.44,21708.76,20332.07,20712.29,3543.16812013
1655856000,20710.01,20863.44,19743.99,19963.68,4210.49538322
1655942400,19977.24,21204.14,19869.63,21093.42,2677.89902823
1656028800,21102.75,21538.4,20713.77,21215.42,2444.77217091
1656115200,21229.66,21586.67,20890,21486.8,1196.38466227
1656201600,21486.67,21868,20968.85,21028.69,1437.60709463
1656288000,21029.19,21516.85,20491.28,20699.72,1648.58803237
1656374400,20699.72,21178.73,20176,20261.34,2048.6845194
1656460800,20253.88,20398.99,19827,20093.18,1605.32356204
1656547200,20098,20131.06,18595.6,19924.89,4907.84854025
1656633600,19960.61,20895.08,18944.69,19239.47,4424.08855864
1656720000,19263.41,19425.08,18960,19228.25,1478.97411836
1656806400,19232.76,19616.43,18763.96,19294.46,1438.93649433
1656892800,19296.88,20319.88,19032.44,20209.53,2016.0820069
1656979200,20209.02,20720,19281.82,20168.63,2882.22647228
1657065600,20164.65,20648.76,19750.16,20547.45,2093.38193195
1657152000,20546.29,21847.25,20237.58,21643.56,3422.57159508
1657238400,21620.85,22401,21164.07,21584.14,3352.94753796
1657324800,21592.69,21955.18,21311.36,21588.35,865.38701575
1657411200,21581.98,21593.73,20629.99,20856.08,1398.91806277
1657497600,20851.14,20858.75,19869,19949.71,1381.03847332
1657584000,19948.55,20036.24,19237.42,19321.14,1738.03082444
1657670400,19337.91,20367.88,18905.55,20232.35,3196.86413812
1657756800,20225.24,20880,19608.47,20577.23,2574.75885317
1657843200,20569.17,21186.35,20368.7,20835.39,1581.8301293
1657929600,20823.7,21577,20472.68,21195.49,1740.63926769
1658016000,21198.34,21664.52,20751.08,20801.85,1497.20354125
1658102400,20786.76,22760.04,20757.29,22435.04,4288.35687434
1658188800,22439.63,23800,21578.45,23405.02,4682.35297064
1658275200,23392.04,24280.3,22893.95,23208.53,4052.68459237
1658361600,23217,23430.33,22340.34,23163.34,2267.47408756
1658448000,23166.09,23760.87,22512.42,22682.26,2025.58385843
1658534400,22696.19,23005.68,21944.47,22468.69,1010.85783614
1658620800,22468.7,23006.77,22272.23,22595.81,681.19673676
1658707200,22589.47,22673.68,21250,21306.56,2128.78016831
1658793600,21314.26,21344.09,20700.13,21259.78,1965.57798404
1658880000,21266.14,23112.9,21047.7,22969.04,2976.18882906
1658966400,22972.22,24198.95,22600,23853.11,3463.79018298
1659052800,23856.91,24445,23438.5,23785.31,2536.49166787
1659139200,23777.85,24676,23523.29,23644.58,1739.57494563
1659225600,23652.53,24190.09,23241,23322.53,1624.15172546
1659312000,23287.38,23511.5,22861,23282.92,1310.17180502
1659398400,23291.67,23468.33,22665.98,23001.52,1441.50641868
1659484800,22997.07,23642.14,22686.12,22835.88,1306.29502305
1659571200,22830.37,23228.77,22400,22615.24,1537.96629545
1659657600,22630.14,23478,22587.94,23326.4,2070.35989801
1659744000,23326.5,23354.54,22919.76,22956.61,672.14529689
1659830400,22946,23411.55,22855.14,23187.62,691.3833738
1659916800,23177.72,24246.06,23169.64,23821.68,1845.04091771
1660003200,23811.29,23927.44,22880.22,23164.78,1206.11169091
1660089600,23151.68,24228,22668.57,23964,2251.388441
1660176000,23961,24921,23867,23959,1964.2043205
1660262400,23957,24459,23615,24407,1258.79271631
1660348800,24421,24900,24301,24456,891.42169723
1660435200,24459,25053,24161,24320,1360.86975366
1660521600,24324,25212,23782,24110,1764.96054871
1660608000,24103,24250,23673,23867,761.78640254
1660694400,23867,24448,23176,23340,1814.51630224
1660780800,23348,23593,23103,23201,888.93580166
1660867200,23192,23202,20785,20841,3558.4209748
1660953600,20840,21368,20769,21146,1475.27766281
1661040000,21150,21778,21070,21514,1070.7625595
1661126400,21517,21530,20901,21411,1428.98968096
1661212800,21404,21672,20899,21520,1237.15547461
1661299200,21523,21892,21142,21372,1825.65585841
1661385600,21364,21813,21319,21571,1134.96366241
1661472000,21550,21870,20119,20250,3482.0913778
1661558400,20242,20376,19766,20045,1322.83765891
1661644800,20044,20159,19526,19557,883.35771116
1661731200,19571,20415,19557,20302,1226.5339045
1661817600,20300,20575,19552,19819,2061.62816733
1661904000,19836,20490,19822,20059,2271.16555773
1661990400,20049,20202,19573,20128,1841.61890225
1662076800,20133,20440,19762,19959,1704.54970941
1662163200,19950,20053,19667,19840,454.45221631
1662249600,19840,20025,19586,20007,468.46460815
1662336000,20014,20051,19634,19794,975.96352852
1662422400,19794,20181,18669,18789,3216.97354596
1662508800,18808,19456,18540,19276,1946.27402334
1662595200,19301,19454,19023,19322,1759.19295086
1662681600,19327,21610,19303,21371,4009.32373236
1662768000,21371,21814,21125,21672,1355.39296702
1662854400,21663,21871,21360,21835,844.39459098
1662940800,21836,22485,21565,22401,2496.98699671
1663027200,22396,22781,19862,20177,3927.08003147
1663113600,20175,20526,19623,20233,2793.90630535
1663200000,20226,20432,19500,19691,2531.5711628
1663286400,19704,19887,19330,19802,2514.42684614
1663372800,19802,20187,19757,20114,947.27782708
1663459200,20116,20116,19343,19419,1609.63965374
1663545600,19418,19679,18271,19538,3418.2169402
1663632000,19535,19634,18717,18878,2544.25288865
1663718400,18877,19902,18157,18466,5332.93776764
1663804800,18458,19541,18368,19403,2607.0417597
1663891200,19411,19491,18533,19294,2593.18338023
1663977600,19291,19309,18817,18921,922.02394143
1664064000,18919,19182,18636,18810,979.44306377
1664150400,18809,19313,18690,19226,3167.38799752
1664236800,19233,20381,18822,19075,4423.71693902
1664323200,19085,19770,18461,19413,3817.64021997
1664409600,19413,19630,18852,19592,1812.62118977
1664496000,19593,20171,19152,19425,2413.78432301
1664582400,19419,19484,19174,19312,378.60698732
1664668800,19306,19395,18931,19051,518.03380521
1664755200,19060,19715,18975,19636,1109.13176723
1664841600,19633,20469,19497,20343,2455.5428922
1664928000,20343,20366,19735,20162,1789.84892196
1665014400,20161,20447,19864,19951,1438.88952495
1665100800,19960,20056,19335,19532,1290.58016407
1665187200,19533,19624,19259,19420,517.31876324
1665273600,19421,19604,19324,19445,707.27451611
1665360000,19436,19525,19029,19131,1052.98301829
1665446400,19131,19265,18853,19059,1332.93245318
1665532800,19061,19229,18967,19157,870.27070879
1665619200,19157,19504,18183,19377,2920.78208384
1665705600,19374,19947,19083,19181,1313.80111372
1665792000,19184,19229,18990,19066,331.43098278
1665878400,19072,19425,19067,19264,417.01160964
1665964800,19262,19672,19160,19547,1141.62350258
1666051200,19547,19700,19099,19334,1524.52635389
1666137600,19329,19356,19078,19126,1302.59535401
1666224000,19128,19340,18913,19043,1491.66449329
1666310400,19043,19245,18660,19165,1923.43991085
1666396800,19166,19250,19118,19206,455.42088912
1666483200,19208,19689,19079,19574,1195.62013587
1666569600,19576,19588,19169,19332,1155.8634844
1666656000,19332,20418,19222,20087,2804.51314609
1666742400,20096,21012,20062,20775,2711.06904662
1666828800,20771,20872,20210,20296,1669.88399576
1666915200,20295,20750,20008,20599,1827.61380674
1667001600,20596,21078,20566,20821,1213.18946622
1667088000,20820,20931,20525,20628,679.83876303
1667174400,20631,20833,20243,20498,1880.02456732
1667260800,20493,20681,20334,20480,1276.69180973
1667347200,20480,20802,20055,20154,2292.08236192
1667433600,20152,20387,20039,20209,1004.11893277
1667520000,20209,21290,20184,21153,3501.47535754
1667606400,21152,21473,21089,21301,774.12522007
1667692800,21299,21364,20899,20907,551.95849001
1667779200,20899,21070,20400,20590,1417.99563473
1667865600,20591,20669,17114,18550,12035.90178845
1667952000,18546,18588,15632,15877,8350.5654456
1668038400,15900,18150,15748,17551,8375.25692463
1668124800,17548,17645,16394,17007,5636.75561159
1668211200,17020,17054,16610,16788,1882.26415655
1668297600,16788,17240,16263,16310,2703.91194662
1668384000,16300,17130,15784,16589,7964.34006887
1668470400,16586,17095,16511,16874,5633.3993478
1668556800,16875,16980,16371,16654,4035.80042365
1668643200,16655,16724,16412,16686,2458.66689134
1668729600,16687,16971,16540,16683,2673.28041964
1668816000,16683,16799,16548,16690,1377.3963971
1668902400,16687,16730,16169,16256,1827.05676561
1668988800,16250,16269,15479,15766,5633.48780213
1669075200,15757,16281,15613,16197,3718.55455894
1669161600,16199,16647,16150,16603,3505.29313128
1669248000,16594,16783,16456,16591,2141.4844617
1669334400,16589,16604,16339,16508,2043.43507991
1669420800,16511,16685,16387,16454,1503.64131011
1669507200,16451,16587,16402,16424,1189.79470656
1669593600,16420,16477,16004,16210,3254.70177817
1669680000,16205,16529,16102,16434,2310.87079583
1669766400,16437,17223,16430,17170,4442.42726142
1669852800,17166,17250,16864,16977,3207.29094124
1669939200,16976,17102,16800,17095,2329.03284999
1670025600,17095,17150,16868,16886,1177.01264514
1670112000,16886,17195,16886,17114,1603.5516013
1670198400,17113,17418,16879,16968,2251.51957602
1670284800,16968,17101,16914,17087,1303.37122474
1670371200,17091,17131,16736,16836,1185.39328287
1670457600,16838,17296,16734,17229,1724.69349744
1670544000,17229,17353,17073,17128,1226.70564841
1670630400,17129,17223,17100,17128,677.74180701
1670716800,17128,17264,17080,17091,1239.3577856
1670803200,17089,17240,16881,17209,1695.0565253
1670889600,17214,18106,17093,17772,3838.86501115
1670976000,17771,18373,17667,17803,3836.86554644
1671062400,17806,17853,17288,17362,1887.37172156
1671148800,17361,17525,16572,16633,2853.96835966
1671235200,16635,16794,16596,16781,1114.37024438
1671321600,16780,16850,16676,16749,695.99091766
1671408000,16744,16815,16293,16446,2157.44154575
1671494400,16441,17046,16402,16898,2115.97889225
1671580800,16899,16919,16719,16824,1618.76729861
1671667200,16823,16863,16570,16821,1946.30526969
1671753600,16821,16916,16750,16779,2138.4466876
1671840000,16779,16848,16779,16839,960.3266097
1671926400,16839,16850,16731,16828,717.96557265
1672012800,16828,16933,16801,16917,731.85697007
1672099200,16920,16961,16588,16700,2204.70406525
1672185600,16699,16772,16465,16540,2220.78816676
1672272000,16540,16650,16486,16628,1560.43976985
1672358400,16628,16650,16337,16603,2223.64394181
1672444800,16602,16627,16471,16528,602.43437164
1672531200,16530,16622,16496,16615,473.83273801
1672617600,16615,16782,16552,16673,1046.7274368
1672704000,16668,16766,16605,16670,1388.07196613
1672790400,16673,16984,16652,16849,2038.03012252
1672876800,16847,16871,16755,16826,1131.61941681
1672963200,16826,17024,16669,16950,1738.57975267
1673049600,16951,16975,16907,16945,523.75442441
1673136000,16946,17163,16915,17119,816.57209307
1673222400,17124,17393,17108,17179,2213.34824624
1673308800,17177,17490,17147,17446,1354.43514717
1673395200,17448,17992,17318,17930,1904.45231601
1673481600,17948,19114,17911,18853,5124.55845338
1673568000,18852,19991,18720,19931,3765.2742592
1673654400,19936,21247,19895,20960,6843.48563958
1673740800,20961,21052,20549,20885,1352.72025796
1673827200,20879,21456,20634,21189,3236.95717404
1673913600,21186,21594,20863,21134,2302.39736137
1674000000,21136,21646,20358,20670,3794.75671744
1674086400,20678,21185,20654,21086,2391.67069084
1674172800,21085,22750,20869,22678,2937.14734339
1674259200,22670,23362,22442,22783,3013.23007247
1674345600,22791,23076,22314,22717,1548.97073883
1674432000,22708,23167,22525,22922,1699.036477
1674518400,22922,23162,22473,22637,1953.73212508
1674604800,22636,23815,22334,23054,2582.12043347
1674691200,23063,23282,22866,23010,1472.74474346
1674777600,23011,23500,22541,23083,2086.70647505
1674864000,23082,23187,22894,23033,834.3522255
1674950400,23031,23954,22981,23746,1620.98279529
1675036800,23748,23799,22504,22831,2081.82272658
1675123200,22831,23318,22724,23127,1557.98459142
1675209600,23134,23810,22768,23735,2468.52240577
1675296000,23736,24258,23377,23498,2609.58252721
1675382400,23503,23719,23212,23434,1742.07112849
1675468800,23421,23582,23266,23330,778.73091268
1675555200,23328,23428,22766,22937,1525.50154971
1675641600,22942,23148,22643,22763,1731.60284453
1675728000,22761,23338,22751,23252,2758.47564405
1675814400,23246,23439,22686,22961,1236.37140064
1675900800,22965,23003,21700,21802,2260.7850853
1675987200,21803,21939,21454,21639,1503.99323818
1676073600,21631,21904,21610,21868,699.37255295
1676160000,21868,22086,21649,21789,1481.78576998
1676246400,21790,21897,21376,21790,1923.03740841
1676332800,21790,22316,21569,22211,2032.44280719
1676419200,22208,24374,22064,24332,2316.23830307
1676505600,24332,25270,23520,23521,3634.8002493
1676592000,23518,25014,23369,24580,3328.63120407
1676678400,24577,24869,24450,24640,721.18871725
1676764800,24638,25183,24211,24296,1717.15816149
1676851200,24271,25118,23862,24843,1828.53775073
1676937600,24843,25250,24165,24450,2506.05738181
1677024000,24450,24474,23594,24188,1951.95970979
1677110400,24188,24590,23636,23939,2000.28221308
1677196800,23939,24124,22865,23189,2782.78873072
1677283200,23186,23215,22770,23161,863.37221739
1677369600,23166,23678,23068,23562,1019.2008877
1677456000,23560,23890,23126,23493,1768.12573577
1677542400,23497,23594,23048,23136,1185.70463735
1677628800,23146,23990,23040,23634,1748.04686969
1677715200,23632,23791,23206,23466,1090.90317933
1677801600,23469,23477,22000,22359,2878.02219561
1677888000,22359,22401,22170,22347,608.34767678
1677974400,22347,22652,22212,22428,944.66432972
1678060800,22427,22590,22263,22407,1156.23472957
1678147200,22414,22547,21931,22200,1837.72234137
1678233600,22197,22275,21590,21704,1477.18402948
1678320000,21697,21824,20043,20367,3373.14910671
1678406400,20368,20368,19569,20220,4695.23685366
1678492800,20226,20874,19893,20618,3590.95407524
1678579200,20615,22269,20456,22183,3599.49467653
1678665600,22190,24618,21900,24209,6738.26574302
1678752000,24210,26533,24070,24750,7966.02323163
1678838400,24745,25273,23940,24368,4368.44571382
1678924800,24361,25217,24229,25050,2430.85019301
1679011200,25051,27818,24954,27466,5166.28277037
1679097600,27466,27776,26707,26980,2933.79686267
1679184000,26992,28474,26900,28054,2615.71251826
1679270400,28081,28567,27231,27815,3998.09358215
1679356800,27808,28497,27436,28192,2955.11628597
1679443200,28184,28936,26688,27320,5024.21040571
1679529600,27320,28818,27187,28343,3199.6545122
1679616000,28352,29380,27043,27493,2789.44951461
1679702400,27497,27810,27210,27499,963.83840741
1679788800,27493,28217,27453,28004,1100.20331067
1679875200,27992,28051,26541,27142,2258.96393636
1679961600,27142,27514,26647,27272,2137.04196923
1680048000,27272,28650,27258,28353,2161.81292594
1680134400,28353,29170,27706,28039,2912.7258869
1680220800,28036,28653,27533,28476,2301.18236248
1680307200,28476,28816,28237,28469,656.33679146
1680393600,28469,28544,27891,28186,689.98223995
1680480000,28179,28506,27236,27816,2393.226229
1680566400,27820,28447,27686,28178,1294.59736105
1680652800,28178,28782,27823,28183,1576.30733991
1680739200,28181,28199,27723,28051,1064.88009436
1680825600,28054,28118,27797,27931,436.4796401
1680912000,27931,28174,27891,27969,417.7631391
1680998400,27968,28544,27833,28340,718.54765779
1681084800,28353,29789,28184,29652,2711.67320655
1681171200,29657,30575,29617,30246,2689.4048951
1681257600,30255,30503,29689,29903,1926.94195052
1681344000,29914,30614,29889,30410,1503.93427177
1681430400,30411,31035,30001,30498,2540.14059427
1681516800,30498,30620,30249,30332,560.64010658
1681603200,30327,30567,30157,30330,656.81163772
1681689600,30328,30337,29247,29448,2077.00292863
1681776000,29452,30483,29122,30395,1827.46761436
1681862400,30388,30423,28603,28827,3869.09654939
1681948800,28814,29098,28005,28238,2450.06329929
1682035200,28240,28362,27140,27254,2455.89969552
1682121600,27253,27883,27137,27817,1010.44737158
1682208000,27820,27820,27347,27596,798.04552773
1682294400,27594,27998,26981,27512,2236.65500868
1682380800,27515,28392,27197,28300,1874.16625132
1682467200,28306,30022,27242,28428,5277.187044
1682553600,28427,29887,28389,29485,3748.60576512
1682640000,29486,29600,28922,29333,2449.0749774
1682726400,29339,29460,29061,29247,932.47961185
1682812800,29252,29961,29115,29235,1415.25506091
1682899200,29254,29344,27666,28079,2913.86283351
1682985600,28079,28894,27876,28680,1935.55649138
1683072000,28682,29276,28138,29033,2838.45231646
1683158400,29033,29378,28691,28851,1656.27922902
1683244800,28860,29701,28832,29547,1923.16974421
1683331200,29537,29851,28422,28911,1443.17174676
1683417600,28909,29194,28444,28472,1021.45715582
1683504000,28485,28667,27290,27690,2936.79913382
1683590400,27688,27841,27372,27650,1573.53076474
1683676800,27648,28328,26842,27618,2848.942523
1683763200,27624,27640,26720,26991,2126.87109348
1683849600,26987,27093,25800,26811,4842.98246111
1683936000,26816,27052,26710,26789,1269.30464643
1684022400,26789,27202,26598,26933,1325.63421938
1684108800,26933,27666,26736,27166,1805.12956433
1684195200,27166,27300,26868,27037,1730.33763378
1684281600,27037,27488,26550,27404,2653.36761994
1684368000,27413,27481,26374,26818,1987.57678586
1684454400,26824,27176,26651,26893,1277.23274821
1684540800,26889,27153,26840,27115,603.01939692
1684627200,27123,27277,26688,26750,654.14743859
1684713600,26753,27078,26547,26856,1111.87388791
1684800000,26856,27478,26810,27226,1174.41963411
1684886400,27225,27225,26076,26325,2214.54386081
1684972800,26325,26611,25878,26478,1646.8258379
1685059200,26486,26937,26338,26718,1666.10237235
1685145600,26716,26893,26566,26872,636.46388614
1685232000,26875,28248,26785,28072,1665.64922634
1685318400,28071,28452,27542,27749,1684.67833372
1685404800,27748,28054,27570,27706,1567.55117507
1685491200,27701,27840,26857,27219,1863.47625267
1685577600,27220,27356,26625,26826,2004.35720265
1685664000,26821,27300,26519,27251,1671.434456
1685750400,27250,27332,26937,27076,772.42193183
1685836800,27076,27451,26963,27125,789.8995641
1685923200,27114,27138,25389,25739,3837.59032264
1686009600,25730,27357,25350,27236,3965.21160442
1686096000,27252,27388,26140,26348,2996.80495663
1686182400,26347,26809,26225,26510,1530.42554212
1686268800,26507,26778,26289,26484,1059.79847008
1686355200,26486,26528,25420,25857,3074.54228424
1686441600,25857,26209,25657,25941,1020.99238041
1686528000,25940,26103,25634,25906,1761.02544893
1686614400,25906,26422,25718,25934,1895.96796692
1686700800,25935,26078,24819,25127,2747.12869314
1686787200,25125,25729,24756,25573,2880.44240822
1686873600,25567,26485,25188,26333,2556.84039324
1686960000,26333,26785,26173,26507,1155.48522656
1687046400,26513,26685,26267,26340,1005.71439822
1687132800,26336,27050,26260,26842,1828.96524085
1687219200,26840,28441,26651,28315,3123.51386312
1687305600,28316,30755,28280,30009,6043.64316714
1687392000,30010,30505,29600,29889,3777.43149847
1687478400,29891,31458,29820,30716,4388.38562374
1687564800,30703,30821,30287,30548,1211.73495461
1687651200,30550,31047,30295,30477,1480.27114787
1687737600,30480,30657,29941,30274,2062.07924358
1687824000,30278,31025,30235,30696,2087.55806488
1687910400,30697,30712,29868,30079,1867.54566498
1687996800,30078,30825,30041,30444,1924.6183445
1688083200,30445,31268,29508,30469,4944.39013815
1688169600,30469,30647,30321,30592,603.9348395
1688256000,30590,30785,30175,30616,1091.40198046
1688342400,30616,31378,30587,31158,1549.49344257
1688428800,31165,31327,30637,30771,848.52450967
1688515200,30767,30866,30206,30501,1179.48935068
1688601600,30498,31500,29868,29912,3087.63379638
1688688000,29901,30445,29722,30348,1886.47101822
1688774400,30348,30383,30056,30293,602.99398251
1688860800,30293,30439,30073,30167,640.48477925
1688947200,30170,31037,29964,30421,1899.48550714
1689033600,30417,30804,30310,30621,1275.01882493
1689120000,30631,30960,30219,30382,1734.61976884
1689206400,30383,31818,30259,31471,3038.41085113
1689292800,31474,31635,29961,30331,2687.88498106
1689379200,30328,30403,30260,30301,483.23087175
1689465600,30300,30442,30067,30253,999.67578186
1689552000,30247,30341,29675,30154,1810.6123199
1689638400,30144,30244,29521,29868,1637.26704348
1689724800,29862,30188,29757,29919,1446.88422668
1689811200,29917,30414,29567,29806,1431.36195596
1689897600,29806,30051,29735,29908,1197.73385418
1689984000,29908,29995,29640,29789,630.39179913
1690070400,29790,30342,29742,30085,766.46726746
1690156800,30085,30099,28842,29177,2817.83813249
1690243200,29176,29362,29054,29224,1213.4912944
1690329600,29224,29678,29100,29354,1517.24148332
1690416000,29353,29563,29081,29219,1313.64370824
1690502400,29214,29525,29121,29317,1241.48419113
1690588800,29316,29404,29251,29360,402.48554375
1690675200,29360,29446,29034,29279,792.17888595
1690761600,29279,29511,29115,29231,899.87088387
1690848000,29221,29715,28574,29696,2302.7701885
1690934400,29697,30025,28929,29164,1990.07126609
1691020800,29157,29395,28925,29176,1359.65240342
1691107200,29175,29306,28784,29077,1430.63487436
1691193600,29075,29107,28950,29049,339.31235387
1691280000,29049,29159,28962,29042,494.23722676
1691366400,29041,29244,28671,29181,1440.49544476
1691452800,29186,30210,29107,29764,2548.20876694
1691539200,29776,30119,29352,29565,1342.08176495
1691625600,29565,29703,29294,29423,1091.25819091
1691712000,29424,29525,29222,29398,839.58343645
1691798400,29398,29465,29350,29415,349.63678295
1691884800,29415,29443,29254,29284,357.15476053
1691971200,29280,29659,29086,29408,1281.1078171
1692057600,29408,29455,29060,29172,1081.01044207
1692144000,29171,29224,28693,28701,1798.07617139
1692230400,28692,28757,26266,26642,4949.55887437
1692316800,26632,26813,25601,26051,2639.68823694
1692403200,26051,26264,25798,26097,1021.34929591
1692489600,26097,26297,25979,26192,711.93303045
1692576000,26193,26240,25828,26125,1609.35464365
1692662400,26125,26137,25350,26042,1785.38604286
1692748800,26048,26800,25805,26431,2472.52719071
1692835200,26429,26562,25852,26168,1678.6281579
1692921600,26169,26281,25748,26048,1924.7079294
1693008000,26050,26102,25976,26008,249.0430185
1693094400,26007,26168,25962,26090,399.56936642
1693180800,26087,26223,25856,26103,1212.34458122
1693267200,26103,28142,25913,27726,4581.62209762
1693353600,27722,27757,27006,27300,2084.64468373
1693440000,27302,27537,25683,25932,2809.73176445
1693526400,25927,26134,25333,25798,1970.6890186
1693612800,25801,25980,25753,25870,557.92664336
1693699200,25870,26112,25807,25970,719.53811642
1693785600,25972,26081,25646,25819,1083.70424928
1693872000,25827,25862,25547,25783,1006.67988402
1693958400,25783,26000,25386,25748,1278.20847185
1694044800,25750,26417,25600,26245,1647.35197985
1694131200,26256,26429,25652,25908,1649.47774994
1694217600,25908,25927,25801,25899,436.09095941
1694304000,25899,26018,25588,25836,876.91159297
1694390400,25836,25881,24920,25155,2016.08262659
1694476800,25157,26529,25129,25844,3217.44248767
1694563200,25842,26395,25762,26226,1566.27745586
1694649600,26229,26849,26143,26529,2087.02602594
1694736000,26529,26878,26228,26607,1388.80900435
1694822400,26609,26767,26459,26571,609.7138034
1694908800,26571,26618,26414,26535,522.97891573
1694995200,26533,27422,26382,26770,2015.8296667
1695081600,26766,27486,26682,27214,1886.73059609
1695168000,27220,27389,26852,27128,2264.83849151
1695254400,27124,27177,26376,26563,1557.05559404
1695340800,26568,26733,26479,26581,683.49903344
1695427200,26577,26634,26519,26583,263.32261736
1695513600,26582,26730,26148,26248,778.78029835
1695600000,26215,26436,25977,26297,1307.38610948
1695686400,26298,26386,26085,26208,884.58189615
1695772800,26203,26823,26095,26361,1845.69530452
1695859200,26361,27297,26325,27026,2763.60813176
1695945600,27029,27235,26682,26911,1536.61509999
1696032000,26910,27093,26884,26966,532.6068557
1696118400,26965,28053,26959,27995,1264.64540463
1696204800,27995,28592,27333,27507,2577.97315012
1696291200,27509,27670,27170,27435,1304.18286171
1696377600,27431,27831,27221,27790,1275.01105837
1696464000,27787,28125,27369,27417,1535.57836693
1696550400,27420,28301,27185,27948,1718.75354746
1696636800,27945,28034,27864,27971,355.00216419
1696723200,27976,28104,27715,27933,559.68781341
1696809600,27930,27996,27280,27594,1186.72451465
1696896000,27598,27733,27294,27395,1183.58370853
1696982400,27394,27474,26533,26874,2042.77738655
1697068800,26870,26933,26545,26756,1099.96996575
1697155200,26744,27108,26675,26867,1292.1278671
1697241600,26867,26981,26800,26855,421.71980002
1697328000,26858,27299,26814,27174,758.25452068
1697414400,27161,29900,27123,28518,4785.41944077
1697500800,28520,28627,28081,28408,1864.88114061
1697587200,28408,28984,28156,28328,1413.07638125
1697673600,28327,28916,28138,28733,1546.73974905
1697760000,28734,30233,28595,29688,2771.39284798
1697846400,29682,30364,29483,29927,918.26190297
1697932800,29921,30247,29678,30002,921.90910142
1698019200,30007,34283,29898,33074,5126.76615313
1698105600,33090,35198,32852,33917,5503.07515361
1698192000,33928,35138,33686,34498,2514.83797747
1698278400,34494,34834,33738,34165,2077.76612107
1698364800,34148,34245,33407,33906,2094.03774293
1698451200,33902,34506,33878,34091,772.85563761
1698537600,34090,34755,33945,34538,949.33336318
1698624000,34549,34860,34095,34495,1843.15676539
1698710400,34489,34730,34061,34661,1565.28762452
1698796800,34667,35612,34102,35440,2098.16618447
1698883200,35440,35968,34320,34937,1636.75756043
1698969600,34947,34947,34132,34727,1346.42679593
1699056000,34734,35276,34609,35086,789.13294208
1699142400,35086,35396,34495,35045,816.1044247
1699228800,35043,35290,34766,35042,1069.01973133
1699315200,35061,35891,34530,35414,1785.96420873
1699401600,35417,36150,35111,35640,1364.35565296
1699488000,35633,37978,35578,36693,3016.28242591
1699574400,36700,37558,36343,37319,1622.63844082
1699660800,37350,37422,36673,37152,808.30673359
1699747200,37136,37237,36758,37086,549.56241452
1699833600,37085,37421,36355,36485,1510.51918187
1699920000,36474,36749,35002,35564,1717.04521008
1700006400,35564,37975,35378,37877,2493.86082433
1700092800,37886,37960,35539,36165,2074.97812228
1700179200,36167,36800,35891,36625,1897.08043126
1700265600,36626,36851,36211,36590,600.63676547
1700352000,36591,37520,36420,37426,1248.86330778
1700438400,37426,37769,36716,37480,2466.92303789
1700524800,37473,37664,35758,35758,2635.34338929
1700611200,35762,37865,35651,37424,2070.1723192
1700697600,37432,37649,36886,37301,1022.40658624
1700784000,37312,38437,37266,37746,1802.03174883
1700870400,37750,37908,37619,37809,420.03700069
1700956800,37811,37837,37173,37460,956.68366321
1701043200,37467,37574,36727,37240,1461.30815081
1701129600,37240,38420,36883,37839,2929.17942076
1701216000,37842,38457,37597,37863,1596.97584281
1701302400,37864,38173,37510,37719,1238.49574253
1701388800,37731,39000,37628,38707,1584.74431912
1701475200,38707,39725,38663,39474,1009.37914772
1701561600,39474,40210,39304,39989,1030.43113816
1701648000,39988,42404,39988,41985,2457.14266074
1701734400,41979,44490,41415,44075,2381.71882149
1701820800,44087,44282,43419,43764,1590.89524265
1701907200,43764,44044,42849,43291,1537.57678097
1701993600,43296,44729,43078,44193,1710.26021181
1702080000,44210,44362,43605,43712,1039.35957631
1702166400,43710,44038,43582,43786,872.82567587
1702252800,43786,43801,40181,41242,4261.48533556
1702339200,41232,42071,40649,41458,1610.56081406
1702425600,41483,43440,40589,42888,2644.83644066
1702512000,42899,43409,41509,43031,2002.07782305
1702598400,43047,43082,41664,41925,1753.91862839
1702684800,41926,42676,41639,42246,702.47727547
1702771200,42228,42364,41266,41345,1244.1407649
1702857600,41337,42732,40513,42650,2330.26582426
1702944000,42664,43456,41794,42258,2275.97294212
1703030400,42257,44291,42207,43665,2554.20268131
1703116800,43667,44240,43305,43873,1843.00224824
1703203200,43871,44409,43430,44002,1262.6906742
1703289600,44011,44027,43347,43733,762.80816546
1703376000,43730,43954,42700,43033,934.47643082
1703462400,43015,43807,42771,43591,808.86227682
1703548800,43587,43605,41639,42510,2476.91150728
1703635200,42511,43698,42121,43473,2029.37372014
1703721600,43468,43812,42288,42583,1410.60181535
1703808000,42587,43128,41306,42072,2740.01043427
1703894400,42069,42599,41529,42148,931.22212329
1703980800,42148,42867,41976,42258,1192.72615807
1704067200,42258,44192,42188,44187,1633.49861779
1704153600,44187,45922,44167,44970,3948.65907593
1704240000,44972,45510,41454,42865,3980.8280561
1704326400,42863,44795,42656,44186,2918.11934919
1704412800,44195,44366,42500,44184,3155.46638326
1704499200,44189,44253,43440,43999,980.53899688
1704585600,43988,44500,43636,43944,1747.44187033
1704672000,43936,47281,43213,46995,3636.8610002
1704758400,47012,47897,44903,46124,4033.07482445
1704844800,46103,47751,44304,46681,4041.55249105
1704931200,46678,49048,45600,46360,4473.0234105
1705017600,46343,46516,41509,42778,5206.89076802
1705104000,42772,43246,42440,42843,1045.15461483
1705190400,42834,43060,41704,41715,1256.25694151
1705276800,41701,43324,41680,42493,1455.98525511
1705363200,42483,43566,42056,43131,2368.79032451
1705449600,43128,43187,42172,42738,1669.71805706
1705536000,42738,42871,40600,41283,2233.62523855
1705622400,41250,42152,40258,41628,2637.87840623
1705708800,41622,41854,41428,41673,751.43386965
1705795200,41658,41849,41485,41560,466.94666893
1705881600,41555,41649,39437,39528,3032.78218553
1705968000,39515,40133,38505,39868,2741.44335926
1706054400,39849,40515,39461,40074,2648.46142608
1706140800,40074,40278,39531,39916,2295.83198262
1706227200,39929,42233,39808,41818,3525.68226372
1706313600,41817,42187,41396,42124,788.19903211
1706400000,42126,42824,41629,42026,1354.31455222
1706486400,42027,43305,41804,43305,2305.13461431
1706572800,43302,43853,42692,42946,2291.56721174
1706659200,42945,43738,42264,42558,3286.47977633
1706745600,42548,43263,41859,43071,1870.52097244
1706832000,43075,43451,42538,43183,1896.67516524
1706918400,43183,43352,42876,42994,759.46228085
1707004800,42991,43097,42243,42570,774.92253866
1707091200,42568,43515,42244,42659,2029.09192619
1707177600,42657,43366,42521,43092,1541.85229531
1707264000,43093,44389,42764,44346,1666.78621772
1707350400,44342,45587,44325,45300,3101.76569244
1707436800,45299,48201,45252,47161,3267.79290468
1707523200,47156,48186,46894,47770,1059.76317922
1707609600,47770,48601,47593,48313,950.74155544
1707696000,48313,50333,47720,49937,2595.07694979
1707782400,49937,50385,48325,49720,2127.3979635
1707868800,49728,52093,49267,51844,2470.06233311
1707955200,51841,52884,51364,51942,2580.54668239
1708041600,51935,52600,51615,52161,1766.36935764
1708128000,52163,52210,50647,51664,999.96707794
1708214400,51661,52393,51196,52130,925.21142925
1708300800,52155,52496,51694,51789,1123.41042877
1708387200,51776,53015,50770,52275,2464.04913744
1708473600,52272,52397,50611,51843,2252.9078781
1708560000,51857,52049,50921,51253,2025.24575372
1708646400,51252,51507,50519,50743,1923.68472986
1708732800,50738,51683,50581,51562,508.41676974
1708819200,51564,51958,51282,51722,587.08498174
1708905600,51738,54969,50909,54524,2566.50806379
1708992000,54534,57615,54500,57068,4197.17042096
1709078400,57065,64000,56724,62512,5991.00971487
1709164800,62512,63684,60365,61161,4398.26024998
1709251200,61161,63265,60801,62444,2116.10682875
1709337600,62433,62488,61645,62042,856.26122565
1709424000,62034,63249,61402,63142,1242.8927295
1709510400,63140,68577,62376,68359,4423.23610151
1709596800,68359,69210,59313,63796,7391.4541923
1709683200,63815,67645,62843,66120,4235.32811565
1709769600,66124,68061,65623,66941,3354.92016734
1709856000,66928,70184,66264,68285,4423.05734977
1709942400,68285,68685,68050,68463,856.10732179
1710028800,68464,69999,68196,69026,1987.10943818
1710115200,69013,72910,67120,72118,5028.35031787
1710201600,72105,73054,68636,71473,4051.75855118
1710288000,71473,73679,71340,73121,3647.59207209
1710374400,73130,73794,68555,71371,4144.37504552
1710460800,71387,72415,65569,69516,4952.41009755
1710547200,69505,70069,64780,65248,2215.16496436
1710633600,65245,68867,64522,68352,2040.41028069
1710720000,68344,68902,66585,67613,2891.66816826
1710806400,67603,68123,61447,61897,5318.12575849
1710892800,61919,68168,60760,67872,4989.90459203
1710979200,67842,68249,64537,65485,2935.80449282
1711065600,65477,66631,62332,63807,2420.55836222
1711152000,63812,66027,63016,64001,1252.51357681
1711238400,64007,67613,63807,67188,1391.93505712
1711324800,67208,71213,66407,69898,3049.19168605
1711411200,69889,71572,69257,69997,2479.94799343
1711497600,69999,71754,68362,69421,2306.37023009
1711584000,69406,71587,68863,70803,2146.14929567
1711670400,70769,70929,69073,69903,1131.13270761
1711756800,69934,70344,69586,69613,589.84093164
1711843200,69616,71391,69594,71285,857.97967024
1711929600,71296,71296,68073,69699,2032.76552736
1712016000,69694,69706,64545,65469,3531.6205486
1712102400,65471,66942,64511,65988,1876.12270366
1712188800,65984,69328,65100,68538,2332.36734433
1712275200,68522,68767,65999,67857,2200.99431004
1712361600,67851,69680,67476,68917,729.56296087
1712448000,68907,70310,68858,69358,1123.92861936
1712534400,69336,72756,69073,71613,2247.97574988
1712620800,71623,71748,68217,69135,2320.07201561
1712707200,69100,71150,67482,70630,2494.31665671
1712793600,70638,71287,69555,70015,1976.13409975
1712880000,70019,71236,65230,67150,2855.3300716
1712966400,67146,67930,61308,64054,3638.57218138
1713052800,64039,65859,62162,65749,2675.95110563
1713139200,65748,66900,62340,63438,2619.50946939
1713225600,63467,64376,61654,63830,2685.27308755
1713312000,63821,64636,59672,61278,3227.19219541
1713398400,61256,64182,60830,63515,2353.15232284
1713484800,63512,65506,59629,63821,3756.32419865
1713571200,63847,65450,63136,64990,1178.86192275
1713657600,64978,65710,64294,64950,871.65106463
1713744000,64951,67241,64545,66855,2019.58758121
1713830400,66845,67201,65837,66421,1200.34622413
1713916800,66413,67057,63554,64259,2072.24874267
1714003200,64254,65286,62785,64493,1851.69406596
1714089600,64488,64793,63306,63745,1213.85952947
1714176000,63746,63903,62405,63429,833.17012398
1714262400,63417,64310,62811,63098,807.23701868
1714348800,63106,64181,61764,63832,1496.50152656
1714435200,63849,64714,59068,60632,2740.34760244
1714521600,60611,60786,56500,58256,3523.30096206
1714608000,58272,59623,56932,59099,1700.0955159
1714694400,59076,63340,58829,62915,2560.04102097
1714780800,62907,64522,62585,63899,1400.47938778
1714867200,63901,64625,62947,64021,918.78327523
1714953600,64024,65513,62720,63164,1643.13715228
1715040000,63159,64389,62278,62320,1357.12199145
1715126400,62310,62996,60873,61181,1469.20210523
1715212800,61143,63409,60634,63075,1386.15467473
1715299200,63072,63876,60176,60793,2229.56085163
1715385600,60799,61454,60474,60816,516.41893738
1715472000,60813,61848,60600,61462,638.44732414
1715558400,61446,63444,60758,62934,1831.88901336
1715644800,62917,63075,61108,61543,1560.7659125
1715731200,61552,66471,61322,66242,3794.61266735
1715817600,66234,66766,64598,65252,1760.07421083
1715904000,65252,67482,65129,67053,1703.98497047
1715990400,67059,67391,66663,66930,526.31056179
1716076800,66923,67654,65901,66275,535.79306702
1716163200,66255,71500,66074,71401,2681.31745309
1716249600,71435,71958,69156,70136,1968.84633605
1716336000,70155,70649,68879,69118,1537.25078005
1716422400,69151,70024,66343,67945,2160.78304618
1716508800,67915,69254,66623,68548,1132.91119417
1716595200,68549,69580,68503,69275,499.49995762
1716681600,69288,69500,68136,68489,610.501155
1716768000,68471,70601,68225,69392,1406.51067265
1716854400,69363,69513,67193,68327,2285.11775116
1716940800,68347,68852,67096,67564,1273.08586449
1717027200,67566,69524,67105,68338,1757.50551322
1717113600,68330,69010,66624,67477,1880.05905818
1717200000,67477,67810,67387,67723,368.62403719
1717286400,67722,68405,67281,67752,544.3606243
1717372800,67744,70268,67590,68801,2391.37592427
1717459200,68798,71074,68553,70564,2051.63351034
1717545600,70546,71759,69600,71119,2051.7699104
1717632000,71109,71629,70116,70775,1673.76086776
1717718400,70771,71949,68450,69326,3140.9712716
1717804800,69321,69538,69150,69306,428.02241418
1717891200,69306,69840,69131,69640,464.35226548
1717977600,69649,70167,69173,69501,830.15464417
1718064000,69506,69548,66011,67306,2436.68224536
1718150400,67306,70007,66911,68243,2448.03512812
1718236800,68240,68433,66242,66733,1996.6514887
1718323200,66765,67314,64936,65996,2391.47091898
1718409600,65995,66415,65828,66182,659.40470208
1718496000,66181,66914,66010,66622,738.0346897
1718582400,66622,67260,65066,66475,2463.1706555
1718668800,66475,66559,64032,65145,2210.70701056
1718755200,65141,65702,64664,64946,927.57952823
1718841600,64947,66455,64516,64845,2185.32362168
1718928000,64841,65004,63356,64102,1656.40021868
1719014400,64116,64491,63917,64233,277.84084542
1719100800,64245,64490,63136,63154,633.14997106
1719187200,63152,63302,58456,60252,3965.34722322
1719273600,60250,62395,60223,61789,2662.52829079
1719360000,61798,62458,60675,60807,1392.69465818
1719446400,60820,62323,60561,61622,1601.14628175
1719532800,61609,62151,59923,60315,1742.50478624
1719619200,60312,61114,60296,60879,580.79352981
1719705600,60882,62931,60620,62676,969.08894969
1719792000,62676,63794,62465,62829,1936.67850292
1719878400,62822,63211,61731,62033,1129.73936644
1719964800,62046,62196,59334,60142,2033.0635548
1720051200,60165,60430,56748,57045,2423.25294936
1720137600,57030,57500,53550,56632,3234.2285631
1720224000,56632,58488,56044,58251,1203.36563905
1720310400,58253,58441,55729,55829,1080.88868598
1720396800,55852,58200,54296,56710,3198.87849576
1720483200,56697,58278,56300,58033,2404.8954909
1720569600,58028,59459,57152,57733,1861.63028273
1720656000,57700,59516,57072,57348,2085.43922834
1720742400,57345,58539,56551,57889,2139.09979841
1720828800,57907,59853,57783,59226,1402.77014751
1720915200,59257,61424,59257,60823,1472.24156208
1721001600,60827,64926,60685,64769,3739.21959674
1721088000,64759,65403,62446,65081,3199.09903583
1721174400,65081,66129,63890,64091,1880.49090986
1721260800,64104,65108,63227,63964,1526.40752618
1721347200,63977,67466,63303,66705,3112.2854205
1721433600,66705,67617,66284,67155,1186.52410101
1721520000,67164,68364,65833,68158,1881.46231613
1721606400,68170,68486,66583,67562,2375.20572016
1721692800,67561,67776,65452,65944,2417.1788543
1721779200,65943,67112,65117,65376,1796.81531975
1721865600,65363,66135,63424,65796,2022.67493049
1721952000,65794,68214,65712,67921,1786.03393977
1722038400,67952,69404,66637,67892,1875.17940599
1722124800,67837,68298,67064,68264,861.95803297
1722211200,68240,70016,66445,66780,2363.69521213
1722297600,66765,66983,65302,66171,1561.0859685
1722384000,66170,66814,64507,64612,1629.25774256
1722470400,64612,65568,62233,65293,2890.60704678
1722556800,65293,65548,61169,61421,3479.04685468
1722643200,61419,62151,59839,60672,1821.49896119
1722729600,60669,61073,57155,58142,2394.63310114
1722816000,58137,58280,49577,54014,8238.87212141
1722902400,54040,57058,53977,56053,3769.72498337
1722988800,56048,57737,54568,55136,3993.76663285
1723075200,55132,62729,54748,61699,3876.67202263
1723161600,61733,61740,59571,60860,2241.31073361
1723248000,60842,61476,60270,60952,1018.51751275
1723334400,60940,61868,58315,58725,1496.95386612
1723420800,58718,60700,57681,59362,3412.56068233
1723507200,59361,61600,58455,60620,2874.93115361
1723593600,60607,61809,58456,58697,3027.98966223
1723680000,58694,59851,56138,57557,3240.34341745
1723766400,57556,59841,57104,58883,2945.17331922
1723852800,58883,59704,58828,59487,913.41960834
1723939200,59487,60271,58414,58430,1375.04482657
1724025600,58440,59631,57844,59497,2045.09787264
1724112000,59462,61424,58553,59012,2569.3787569
1724198400,59012,61838,58816,61159,2508.01462281
1724284800,61169,61416,59774,60383,1929.30627319
1724371200,60383,64988,60348,64085,3470.07123728
1724457600,64095,64506,63594,64174,1163.89809817
1724544000,64176,65103,63814,64262,918.66616491
1724630400,64248,64502,62826,62852,1460.73492982
1724716800,62822,63236,58090,59427,2540.60072662
1724803200,59433,60212,57866,59033,2782.47691366
1724889600,59033,61182,58701,59365,2511.22388288
1724976000,59363,59905,57721,59113,2039.74822306
1725062400,59113,59431,58750,58967,738.75417566
1725148800,58967,59060,57205,57310,1650.43196007
1725235200,57278,59411,57131,59133,1642.91265395
1725321600,59133,59803,57402,57493,1476.9343549
1725408000,57506,58518,55602,57956,2077.78659826
1725494400,57974,58315,55649,56158,1485.69244111
1725580800,56179,56984,52546,53955,2938.3981761
1725667200,53947,54839,53731,54147,1046.863932
1725753600,54150,55306,53636,54866,1237.77945151
1725840000,54876,58070,54587,57059,2644.12002332
1725926400,57056,58042,56406,57659,1878.56149502
1726012800,57646,58000,55554,57342,3024.35845323
1726099200,57342,58560,57335,58139,2392.01885139
1726185600,58139,60670,57640,60545,2622.28151587
1726272000,60551,60655,59438,60012,744.81553897
1726358400,60012,60388,58708,59130,1377.74210648
1726444800,59121,59209,57488,58212,1692.12077561
1726531200,58208,61331,57627,60316,2677.19875968
1726617600,60318,61787,59189,61757,3237.8308454
1726704000,61765,63882,61584,62940,3050.81602877
1726790400,62950,64121,62353,63211,1646.72507369
1726876800,63211,63574,62760,63364,578.82075001
1726963200,63364,63990,62390,63563,932.57108331
1727049600,63577,64730,62585,63325,1113.07851811
1727136000,63325,64677,62720,64260,1621.50232416
1727222400,64291,64795,62941,63147,1172.76426267
1727308800,63121,65851,62675,65175,1758.77420578
1727395200,65175,66508,64840,65781,1261.81543351
1727481600,65781,66255,65442,65876,557.50374744
1727568000,65875,66071,65450,65601,487.19186994
1727654400,65605,65634,62859,63302,1759.70729545
1727740800,63331,64122,60164,60807,2797.97709897
1727827200,60760,62350,59972,60634,2437.72512955
1727913600,60627,61461,59860,60745,1412.60368684
1728000000,60747,62473,60474,62081,1394.47802907
1728086400,62080,62368,61699,62063,449.65424183
1728172800,62057,62962,61816,62814,846.73208591
1728259200,62831,64444,62130,62212,1815.26837202
1728345600,62211,63172,61839,62133,1116.30278349
1728432000,62114,62503,60268,60582,1354.90943313
1728518400,60589,61246,58867,60278,1799.48728956
1728604800,60278,63409,60041,62452,1582.70508322
1728691200,62511,63455,62474,63194,685.69286582
1728777600,63193,63271,62039,62849,653.16610878
1728864000,62850,66479,62450,66070,2390.38938585
1728950400,66070,67922,64802,67061,2488.99178965
1729036800,67061,68388,66744,67622,1716.95969807
1729123200,67608,67914,66631,67392,1298.22146294
1729209600,67392,68998,67176,68420,1434.33126968
1729296000,68420,68668,68020,68359,414.91156597
1729382400,68367,69363,68102,69011,606.10309373
1729468800,69011,69487,66815,67340,1752.72054327
1729555200,67345,67784,66559,67382,1626.8596456
1729641600,67382,67409,65000,66601,1927.84170953
1729728000,66602,68800,66455,68155,2140.08818467
1729814400,68155,68726,65521,66578,2730.81362994
1729900800,66576,67352,66344,67003,489.32578253
1729987200,67009,68232,66850,67938,739.97895752
1730073600,67937,70218,67541,69918,2063.86332457
1730160000,69918,73600,69716,72729,3975.6902031
1730246400,72727,72928,71313,72331,2263.68354591
1730332800,72330,72660,69591,70231,1776.40915493
1730419200,70202,71596,68768,69490,2717.47179295
1730505600,69468,69887,69015,69330,1047.12468684
1730592000,69339,69354,67459,68738,1915.47157334
1730678400,68738,69444,66798,67818,2538.34080221
1730764800,67817,70538,67443,69386,2370.70518293
1730851200,69396,76481,69284,75637,7732.00129394
1730937600,75638,76990,74479,75921,3265.43357289
1731024000,75918,77270,75665,76561,2466.52573117
1731110400,76560,76941,75648,76722,837.82745419
1731196800,76707,81482,76554,80425,2739.76560525
1731283200,80426,89643,80280,88770,6695.15671543
1731369600,88771,90243,85121,88031,8037.51453432
1731456000,88038,93483,86263,90521,7338.0297277
1731542400,90498,91804,86685,87333,3805.7616409
1731628800,87298,91909,87119,91070,4491.15106913
1731715200,91069,91778,90100,90608,1538.87717754
1731801600,90643,91429,88709,89861,2016.09767635
1731888000,89865,92624,89392,90512,4276.18821636
1731974400,90514,94057,90407,92424,3884.88262437
1732060800,92434,94942,91407,94373,9293.97029198
1732147200,94374,99121,94106,98451,7280.76958238
1732233600,98451,99800,97236,99013,4646.09454486
1732320000,99010,99015,97226,97775,1719.12474462
1732406400,97765,98660,95796,98007,1814.0075721
1732492800,98021,98966,92584,93035,2969.54841533
1732579200,93006,94999,90742,91928,3575.09743077
1732665600,91929,97353,91760,95978,2999.13415798
1732752000,95945,96658,94670,95661,2070.2707683
1732838400,95670,98745,95410,97512,2410.84197795
1732924800,97510,97510,96112,96441,646.22078077
1733011200,96471,97880,95758,97291,884.6556605
1733097600,97260,98200,94403,95859,3225.0210163
1733184000,95858,96301,93590,95926,3484.90912488
1733270400,95926,99250,94661,98773,4309.94473587
1733356800,98751,103647,92092,97057,7450.45018748
1733443200,96968,102098,96463,99898,2613.21105227
1733529600,99898,100575,99121,99929,587.87674509
1733616000,99969,101407,98752,101204,1073.32763391
1733702400,101188,101271,94249,97468,2468.79283854
1733788800,97318,98300,94306,96648,2092.49724122
1733875200,96658,101961,95725,101201,2196.1813751
1733961600,101238,102582,99309,100068,1393.19342191
1734048000,99998,101918,99250,101435,1030.49421453
1734134400,101433,102643,100643,101382,566.5366089
1734220800,101408,105149,101243,104427,1369.98798554
1734307200,104476,107821,103322,106073,2171.77263705
1734393600,106109,108364,105363,106187,1405.93900566
1734480000,106187,106523,99997,100153,2557.28814854
1734566400,100133,102747,95537,97375,3425.5015449
1734652800,97416,98123,92118,97760,2706.24143724
1734739200,97745,99514,96399,97211,1740.04323929
1734825600,97245,97376,94200,95098,2075.50874332
1734912000,95098,96420,92389,94750,2428.60426472
1734998400,94750,99419,93461,98596,1444.53568991
1735084800,98637,99478,97576,99374,849.51224828
1735171200,99357,99881,95111,95687,1501.36776618
1735257600,95666,97337,93282,94168,2416.24232245
1735344000,94159,95529,94026,95139,839.50518103
1735430400,95139,95139,92868,93557,851.80554921
1735516800,93564,94891,91315,92628,1841.04308392
1735603200,92637,96117,91900,93381,1128.82793677
1735689600,93347,94951,92768,94388,777.13942547
1735776000,94380,97745,94205,96907,1219.19370744
1735862400,96895,98951,96042,98133,1159.41909795
1735948800,98133,98753,97540,98209,445.49130336
1736035200,98218,98799,97277,98327,454.72019157
1736121600,98389,102514,97919,102280,1742.61289193
1736208000,102278,102760,96130,96946,1490.59996722
1736294400,96922,97248,92502,95065,2081.0446275
1736380800,95034,95333,91215,92542,1877.80058869
1736467200,92545,95797,92227,94702,1798.96999215
1736553600,94702,94975,93843,94568,639.87740098
1736640000,94573,95363,93685,94497,570.97876662
1736726400,94498,95846,89164,94505,2125.86232734
1736812800,94537,97339,94345,96523,1477.80944326
1736899200,96560,100715,96474,100512,1811.81706595
1736985600,100512,100860,97319,99975,1817.77460574
1737072000,99975,105932,99944,104119,3087.39708067
1737158400,104119,104909,102238,104436,1306.42802809
1737244800,104432,106294,99528,101237,2602.44233467
1737331200,101191,109356,99462,102141,3921.86906882
1737417600,102155,107265,100087,106149,3058.41033426
1737504000,106149,106370,103322,103632,1713.55368827
1737590400,103659,106848,101233,103933,3790.17304182
1737676800,103922,107149,102754,104855,1725.23369955
1737763200,104855,105237,104126,104738,735.89058503
1737849600,104741,105424,102450,102573,798.34131897
1737936000,102573,103186,97750,102090,3210.12625421
1738022400,102065,103745,100225,101292,1721.67321227
1738108800,101291,104769,101288,103747,1535.93165933
1738195200,103768,106447,103313,104738,1543.13930195
1738281600,104737,106046,101303,102412,2016.51235916
1738368000,102408,102754,100270,100638,785.48911683
1738454400,100638,101430,96168,97675,1747.97820698
1738540800,97670,102569,91530,101457,4081.88402077
1738627200,101456,101785,96147,97786,2068.16739103
1738713600,97809,99168,96181,96614,1576.92222741
1738800000,96614,99174,95678,96573,1723.92521071
1738886400,96566,100185,95662,96535,1936.93167774
1738972800,96534,96896,95700,96472,615.71243239
1739059200,96472,97337,94726,96477,1008.66870716
1739145600,96533,98349,95307,97469,994.10887876
1739232000,97465,98490,94853,95754,1284.47141085
1739318400,95756,98144,94091,97882,1476.47049215
1739404800,97882,98091,95249,96627,857.75893529
1739491200,96631,98871,96300,97520,1251.2726876
1739577600,97515,97974,97237,97591,335.74480408
1739664000,97591,97727,96066,96132,445.57381146
1739750400,96066,97014,95227,95772,800.63807134
1739836800,95779,96714,93340,95612,1415.52902397
1739923200,95612,96866,95011,96642,1420.10472761
1740009600,96639,98758,96439,98337,1681.57650135
1740096000,98335,99508,94805,96131,2838.77561898
1740182400,96137,96967,95750,96572,795.72262624
1740268800,96571,96666,95260,96262,539.9144753
1740355200,96264,96492,91330,91554,1692.14741385
1740441600,91516,92512,85953,88576,4284.62546279
1740528000,88573,89279,82133,84071,3118.75478282
1740614400,84150,86988,82615,84639,2559.94908433
1740700800,84621,85082,78197,84321,3567.36797341
1740787200,84316,86517,83803,86033,1461.96601707
1740873600,86031,95152,85029,94273,3153.02965002
1740960000,94272,94422,85069,86160,2856.70424439
1741046400,86161,88922,81463,87240,3206.20571035
1741132800,87262,90993,86397,90611,1832.66540574
1741219200,90590,92790,87835,89918,2169.68972472
1741305600,89922,91277,84713,86759,3286.78015466
1741392000,86754,86861,85190,86192,579.74911104
1741478400,86204,86469,80000,80708,1710.17938787
1741564800,80728,84007,77393,78561,2977.79268756
1741651200,78599,83568,76600,82869,2656.56371178
1741737600,82941,84437,80607,83620,2469.21846953
1741824000,83677,84287,79910,81079,1830.00089168
1741910400,81084,85294,80801,83975,1986.99511377
1741996800,83984,84672,83633,84347,486.19010212
1742083200,84362,85059,81983,82555,1178.20234353
1742169600,82569,84741,82466,84058,1198.89639605
1742256000,84058,84058,81138,82715,1290.21505333
1742342400,82694,87010,82567,86868,1926.60953491
1742428800,86870,87470,83631,84158,1877.13235545
1742515200,84179,84801,83142,84061,1146.50782993
1742601600,84061,84490,83682,83823,316.86484991
1742688000,83823,86116,83806,86084,649.91397891
1742774400,86084,88772,85541,87512,1888.33413141
1742860800,87488,88539,86321,87436,2134.77215325
1742947200,87448,88296,85869,86913,1552.95977276
1743033600,86966,87755,85828,87219,1289.3728971
1743120000,87224,87481,83544,84379,1392.33624956
1743206400,84384,84561,81629,82608,745.3934536
1743292800,82608,83500,81551,82359,840.38263469
1743379200,82367,83914,81287,82538,1937.3372797
1743465600,82537,85530,82417,85170,1504.00240153
1743552000,85171,88563,81188,82502,2861.64666347
1743638400,82477,83896,81200,83132,1777.45240819
1743724800,83182,84708,81659,83851,2005.88282699
1743811200,83852,84226,82358,83507,518.1818543
1743897600,83514,83741,77098,78342,2165.48130222
1743984000,78381,81180,74434,79127,4083.99710956
1744070400,79134,80836,76159,76244,2245.5090104
1744156800,76252,83565,74588,82595,4038.27621051
1744243200,82594,82722,78424,79543,1564.07737754
1744329600,79558,84257,78942,83384,1728.84098877
1744416000,83384,85892,82784,85274,847.63757574
1744502400,85277,86084,83031,83712,1210.92223051
1744588800,83774,85787,83680,84583,1425.88175716
1744675200,84583,86450,83612,83686,1162.91179825
1744761600,83632,85528,83102,84046,1593.44839937
1744848000,84045,85478,83751,84954,1119.58782405
1744934400,84954,85121,84310,84468,323.24096242
1745020800,84466,85611,84367,85069,631.49083813
1745107200,85074,85305,83974,85198,462.80974618
1745193600,85197,88527,85134,87505,2179.81586603
1745280000,87505,93928,87094,93481,2859.469206
1745366400,93482,94700,91970,93730,2423.4269158
1745452800,93730,94035,91700,94010,1192.7081751
1745539200,94010,95857,92891,94726,2287.68750103
1745625600,94720,95249,93934,94662,518.68073079
1745712000,94662,95353,93685,93769,582.20526798
1745798400,93780,95633,92846,95041,1571.43868511
1745884800,95040,95479,93775,94285,877.67378025
1745971200,94284,95269,92946,94181,1384.2436258
1746057600,94181,97470,94141,96535,1742.18663518
1746144000,96557,97938,96399,96925,919.20772116
1746230400,96926,96956,95800,95916,696.37418877
1746316800,95850,96295,94162,94316,562.77317581
1746403200,94301,95198,93550,94725,936.93369617
1746489600,94725,96895,93376,96814,1074.63503655
1746576000,96815,97717,95823,97054,1333.27237851
1746662400,97059,104159,96907,103261,2303.46314389
1746748800,103234,104332,102350,102991,1336.08590855
1746835200,102992,104985,102845,104809,624.26506624
1746921600,104809,104958,103369,104129,718.36832309
1747008000,104138,105706,100764,102796,1914.47205431
1747094400,102796,104997,101471,104135,1432.50405705
1747180800,104126,104357,102622,103531,1171.49377037
1747267200,103514,104184,101442,103793,1339.09330148
1747353600,103800,104570,103137,103506,994.76037696
1747440000,103503,103720,102668,103153,459.80988884
1747526400,103172,106635,103149,106520,905.17939556
1747612800,106520,107115,102126,105622,1677.9321234
1747699200,105630,107340,104232,106855,1462.42485262
1747785600,106891,110730,106141,109682,2430.79413683
1747872000,109696,112000,109252,111743,1375.74025669
1747958400,111742,111816,106827,107329,1588.22862639
1748044800,107319,109501,106908,107799,577.06680579
1748131200,107798,109383,106666,109068,908.97625311
1748217600,109114,110461,108759,109468,736.73662452
1748304000,109474,110789,107562,108980,1296.61250535
1748390400,108980,109307,106804,107811,1079.82738975
1748476800,107821,108924,105374,105578,1431.77890157
1748563200,105577,106329,103675,104034,1224.11022278
1748649600,103988,104947,103127,104646,483.31138627
1748736000,104646,105908,103832,105705,648.06747831
1748822400,105677,106001,103708,105905,941.7313758
1748908800,105890,106854,104947,105454,924.42389243
1748995200,105426,106036,104219,104745,791.94847355
1749081600,104734,105959,100426,101559,1374.3295089
1749168000,101558,105416,101159,104393,1474.94148302
1749254400,104416,105959,103992,105619,613.87145578
1749340800,105619,106507,105060,105792,353.13072588
1749427200,105791,110587,105389,110307,1163.27877626
1749513600,110311,110400,108403,110292,920.65276216
1749600000,110292,110398,108113,108678,717.4883123
1749686400,108670,108833,105731,105731,855.76506249
1749772800,105725,106209,102816,106118,1268.16488329
1749859200,106117,106250,104376,105464,516.90004886
1749945600,105475,106163,104532,105617,487.58970132
1750032000,105612,108990,105023,106829,932.05599039
1750118400,106853,107773,103388,104584,1157.65258947
1750204800,104617,105566,103521,104922,971.05031921
1750291200,104922,105254,103957,104688,464.84582604
1750377600,104682,106521,102309,103316,971.51619457
1750464000,103329,104013,100945,102139,817.52134527
1750550400,102198,103387,98240,101015,1366.05281274
1750636800,100990,106125,99705,105464,1771.47809411
1750723200,105418,106344,104695,106131,1158.17542632
1750809600,106132,108182,105872,107418,1202.13073102
1750896000,107417,108358,106640,107004,791.37974938
1750982400,107005,107794,106351,107100,1286.60711501
1751068800,107100,107584,106880,107348,204.99976689
1751155200,107353,108546,107239,108384,526.42907649
1751241600,108389,108800,106751,107179,809.671168
1751328000,107164,107560,105280,105709,918.59180036
1751414400,105698,109802,105130,108885,910.95167606
1751500800,108885,110557,108586,109648,902.39480928
1751587200,109647,109799,107303,108033,607.8822874
1751673600,108033,108416,107811,108240,219.21691172
1751760000,108240,109717,107858,109233,420.08244319
1751846400,109231,109711,107520,108287,708.78251782
1751932800,108286,109225,107471,108947,676.89664809
1752019200,108947,112040,108352,111287,1206.49472676
1752105600,111318,117000,110610,116031,1983.52144626
1752192000,116038,118839,115226,117579,1872.27005924
1752278400,117579,118227,116971,117464,657.61118852
1752364800,117464,119482,117256,119135,699.60199797
1752451200,119140,123236,118972,119879,2008.67990115
1752537600,119862,119945,115729,117769,5844.5567311
1752624000,117770,120086,117047,118718,1446.65793099
1752710400,118692,121000,117506,119275,1630.82389973
1752796800,119275,120900,116915,118022,1825.06401069
1752883200,118023,118553,117352,117916,499.25171162
1752969600,117917,118896,116551,117339,615.19846734
1753056000,117220,119682,116594,117437,1334.501578
1753142400,117437,120297,116186,120011,1298.08983461
1753228800,120011,120165,117376,118813,980.23169548
1753315200,118795,119525,117201,118347,1079.42129756
1753401600,118400,118509,114518,117653,5661.93875187
1753488000,117652,118340,117196,117962,618.43322749
1753574400,117983,119798,117888,119469,579.57477524
1753660800,119514,119826,117400,118051,1062.35423495
1753747200,118068,119267,116928,117926,1161.32333055
1753833600,117926,118775,115784,117834,1043.63562888
1753920000,117833,118904,115512,115750,1022.71220262
1754006400,115749,116054,112680,113243,2329.78743891
1754092800,113243,114008,111987,112522,1093.67089437
1754179200,112522,114774,111919,114226,757.70817537
1754265600,114245,115732,114129,115051,933.27650923
1754352000,115051,115106,112660,114133,941.80637472
1754438400,114129,115729,113365,115030,1202.63711783
1754524800,115030,117675,114280,117515,1447.58301804
1754611200,117515,117661,115896,116675,1599.13538797
1754697600,116675,117929,116350,116495,985.99079289
1754784000,116490,119310,116490,119310,1018.22600871
1754870400,119312,122312,118043,118712,2061.10609204
1754956800,118711,120304,118214,120107,1834.33264903
1755043200,120113,123715,118940,123360,2624.51093464
1755129600,123360,124517,117201,118394,2568.14323965
1755216000,118393,119336,116856,117446,1480.94500475
1755302400,117445,118057,117252,117460,818.55779223
1755388800,117451,118626,117266,117490,822.50240192
1755475200,117465,117622,114706,116265,1938.43650897
1755561600,116295,116765,112702,112870,1676.74821297
1755648000,112870,114618,112353,114263,2261.15590441
1755734400,114263,114801,111972,112472,1865.84099631
1755820800,112471,117421,111658,116891,2747.02375092
1755907200,116908,116985,114536,115392,1011.7640787
1755993600,115391,115626,110671,113478,1706.85921657
1756080000,113491,113645,109283,110136,2458.05879872
1756166400,110128,112400,108717,111788,1921.06840005
1756252800,111789,112646,110381,111273,1115.69227815
1756339200,111272,113473,110876,112581,1313.36312523
1756425600,112581,112654,107488,108362,1977.32412474
1756512000,108376,108924,107389,108827,790.83013066
1756598400,108827,109503,108092,108269,747.36779711
1756684800,108268,109907,107270,109244,1584.06180608
1756771200,109255,111775,108426,111238,2118.59829056
1756857600,111238,112615,110550,111759,2089.17921268
1756944000,111758,112223,109343,110747,1931.55865495
1757030400,110738,113402,110226,110669,2214.24201717
1757116800,110668,111314,110021,110223,753.36082686
1757203200,110223,111597,110212,111144,1147.75813028
1757289600,111144,112935,110624,112098,1382.32507241
1757376000,112097,113279,110768,111531,1444.08044039
1757462400,111551,114348,110932,113988,1623.88652527
1757548800,113987,115533,113460,115533,1488.7439821
1757635200,115533,116805,114770,116108,2158.42031268
1757721600,116108,116364,115177,115981,637.92000888
1757808000,115980,116216,115190,115342,709.05249747
1757894400,115316,116786,114421,115387,1496.61808415
1757980800,115389,117006,114776,116837,1255.43431844
1758067200,116836,117323,114747,116477,2153.84805045
1758153600,116482,117968,116144,117125,2093.19820754
1758240000,117124,117506,115144,115702,1802.70990238
1758326400,115703,116197,115479,115759,1111.98890244
1758412800,115758,115901,115258,115292,789.19772796
1758499200,115275,115435,111986,112741,1951.76217647
1758585600,112741,113344,111463,112025,1468.03878727
1758672000,112025,114005,111115,113339,1320.90667792
1758758400,113351,113542,108652,109021,2615.57202808
1758844800,109021,110372,108676,109696,1849.1098284
1758931200,109694,109789,109130,109679,475.39719794
1759017600,109679,112375,109239,112203,789.14477935
1759104000,112203,114486,111597,114379,1866.13986072
1759190400,114359,114842,112714,114065,1873.80348877
1759276800,114079,118708,113982,118668,2297.03276139
1759363200,118674,121106,118355,120612,2079.67690093
1759449600,120645,123966,119353,122308,3097.07232266
1759536000,122329,122885,121575,122441,628.47218404
1759622400,122458,125725,122209,123519,1675.31764003
1759708800,123519,126272,123148,124728,2416.9019815
1759795200,124728,125235,120648,121395,2470.10489687
1759881600,121407,124220,121113,123345,2511.13170614
1759968000,123349,123819,119736,121695,2339.50892075
1760054400,121695,122582,109683,112996,4713.81894506
1760140800,112989,113444,109711,110764,2954.91390717
1760227200,110769,115854,109711,115090,2969.34386191
1760313600,115089,116035,113751,115265,1947.58068078
1760400000,115275,115508,109971,113078,2253.66732902
1760486400,113077,113655,110217,110804,2023.01367329
1760572800,110804,112012,107450,108206,3004.36833057
1760659200,108206,109261,103530,106476,4616.53928421
1760745600,106470,107534,106368,107220,852.54214319
1760832000,107214,109488,106137,108684,2023.09215463
1760918400,108683,111717,107452,110580,2416.65967333
1761004800,110580,114088,107460,108372,4329.34460736
1761091200,108324,109160,106101,107595,2975.12108444
1761177600,107572,111336,107510,110111,1735.25029935
1761264000,110110,112066,109731,111039,1412.66498963
1761350400,111038,111945,110704,111668,461.82280861
1761436800,111658,115447,111281,114551,953.31627049
1761523200,114551,116381,113856,114101,1510.78251849
1761609600,114101,116077,112218,112925,1398.6106738
1761696000,112920,113654,109265,110038,1666.55640703
1761782400,110037,111603,106303,108306,2489.03576718
1761868800,108307,111049,108272,109554,1789.04697521
1761955200,109554,110478,109370,110047,566.13804885
1762041600,110039,111129,109475,110530,971.54551341
1762128000,110524,110730,105300,106548,2920.15812883
1762214400,106550,107260,98898,101466,5333.62771462
1762300800,101473,104532,98943,103865,2852.19774457
1762387200,103865,104187,100246,101284,2708.20760477
1762473600,101288,104044,99192,103275,2790.81081749
1762560000,103275,103345,101435,102286,1224.83513732
1762646400,102295,105425,101394,104705,1718.06176241
1762732800,104677,106623,104256,105972,1858.36284442
1762819200,105972,107465,102442,103015,1836.8384477
1762905600,103027,105301,100812,101635,1780.49932854
1762992000,101634,104019,97950,99618,3403.60227589
1763078400,99618,99815,93961,94509,6242.59326859
1763164800,94511,96736,94491,95539,1766.66154855
1763251200,95540,96538,92929,94187,2865.93071437
1763337600,94186,95938,91168,92102,4149.83016963
1763424000,92112,93753,89189,92911,4742.04243662
1763510400,92911,92936,88497,91474,3769.12562257
1763596800,91468,93065,85912,86527,5180.9142115
1763683200,86511,87386,80537,85060,8467.35355799
1763769600,85054,85530,83432,84679,2384.78905136
1763856000,84686,88082,84624,86803,2773.78769575
1763942400,86808,89222,85225,88277,4092.88381218
1764028800,88276,88463,86076,87331,2871.1718489
1764115200,87331,90646,86304,90477,2971.04093074
1764201600,90476,91926,90091,91325,1908.75344376
1764288000,91326,93091,90233,90913,2305.99037956
1764374400,90913,91179,90216,90832,681.59946371
1764460800,90832,91969,90362,90382,1020.91842738
1764547200,90369,90421,83814,86291,4297.0003516
1764633600,86291,92328,86190,91300,4590.27780876
1764720000,91303,94172,91030,93472,4462.81522934
1764806400,93460,94086,90903,92103,2700.62528856
1764892800,92109,92690,88156,89348,3068.81366007
1764979200,89342,90286,88932,89249,1058.7437302
1765065600,89256,91767,87744,90405,2387.94536185
1765152000,90406,92296,89618,90649,3033.70925459
1765238400,90642,94652,89558,92695,3420.15950535
1765324800,92693,94494,91579,92036,3493.06940422
1765411200,92037,93562,89269,92531,3855.94833075
1765497600,92531,92757,89466,90275,2653.35034927
1765584000,90275,90640,89789,90264,588.9306767
1765670400,90260,90492,87607,88164,2245.28512647
1765756800,88170,90015,85140,86412,3042.86671686
1765843200,86413,88135,85260,87843,2848.88747564
1765929600,87842,90317,85274,86215,3340.00609663
1766016000,86214,89423,84398,85460,3975.60917787
1766102400,85459,89349,85078,88095,3013.6629094
1766188800,88095,88522,87791,88324,593.71520281
1766275200,88324,89017,87576,88636,1067.66979397
1766361600,88637,90536,87867,88539,3033.70931489
1766448000,88554,88876,86561,87423,2425.45718247
1766534400,87423,87976,86363,87605,1586.51838352
1766620800,87605,88516,86896,87172,1026.06124365
1766707200,87168,89476,86584,87296,1995.30168019
1766793600,87296,87902,87180,87810,482.15727159
1766880000,87802,88001,87377,87870,559.35879313
1766966400,87871,90307,86701,87119,2713.91365162
1767052800,87111,89310,86718,88390,1997.61555935
1767139200,88390,89079,87085,87496,1905.50552287
1767225600,87496,88782,87268,88728,1395.46879155
1767312000,88728,90925,88284,89952,3580.71314243
1767398400,89952,90677,89289,90590,830.75213082
1767484800,90590,91728,90590,91501,1249.27665922
1767571200,91498,94792,91484,93876,3369.25944401
1767657600,93876,94418,91221,93712,2746.410348
1767744000,93712,93712,90526,91273,2544.89091077
1767830400,91273,91562,89199,91031,3047.61486403
1767916800,91032,91924,89596,90510,2812.731608
1768003200,90510,90694,90286,90382,416.98576685
1768089600,90382,91146,90090,90872,856.51847229
1768176000,90872,92392,90016,91195,2412.5772724
1768262400,91195,96474,90949,95366,4730.60046022
1768348800,95367,97939,94249,96942,5227.41310032
1768435200,96946,97165,95113,95577,2812.14817177
1768521600,95583,95811,94251,95521,1782.92777503
1768608000,95520,95603,95011,95113,471.76539206
1768694400,95113,95480,93584,93636,918.99519084
1768780800,93627,93632,91917,92560,1871.62721794
1768867200,92559,92799,87777,88316,4353.6405891
1768953600,88317,90471,87193,89374,4896.02575856
1769040000,89373,90254,88421,89464,2031.68926269
1769126400,89468,91122,88463,89493,2347.64120002
1769212800,89493,89778,89037,89089,472.12028436
1769299200,89089,89180,86000,86567,1952.93731653
1769385600,86568,88750,86422,88247,2317.09931351
1769472000,88247,89416,87197,89135,2324.46278911
1769558400,89135,90438,88722,89168,2234.89028223
1769644800,89167,89214,83242,84530,3681.40597733
1769731200,84520,84599,81040,84130,5197.26894551
1769817600,84124,84137,75555,78635,5126.14877716
1769904000,78644,79322,75651,76888,3780.29100762
1769990400,76888,79301,74532,78666,5904.57069753
1770076800,78666,79113,72863,75662,6491.42242041
1770163200,75661,76873,71704,73000,6664.20590605
1770249600,73000,73175,62200,62795,12980.44506677
1770336000,62795,71673,59930,70531,12389.36347229
1770422400,70515,71622,67313,69246,5313.40541323
1770508800,69249,72174,68850,70283,3209.084422
1770595200,70283,71383,68265,70094,4251.33624282
1770681600,70094,70465,67870,68802,4052.50039834
1770768000,68801,69235,65719,67053,6069.91114912
1770854400,67034,68364,65080,66207,3577.43834177
1770940800,66205,69405,65828,68812,3679.26812952
1771027200,68812,70513,68701,69791,1855.0088025
1771113600,69791,70937,68044,68792,2583.79100836
1771200000,68792,70066,67268,68867,2561.43683283
1771286400,68867,69205,66557,67468,3173.29499982
1771372800,67469,68428,65840,66425,3269.12137366
1771459200,66425,67281,65620,66973,2883.19175749
1771545600,66973,68298,66431,67992,4286.2528682
1771632000,67992,68668,67518,67966,1421.65471687
1771718400,67967,68224,67160,67612,1206.46701391
1771804800,67612,67654,63868,64630,5280.3221423
1771891200,64630,64984,62525,64059,4165.22296831
1771977600,64059,70038,63920,67994,6032.18559863
1772064000,67993,68841,66511,67488,3855.80807448
1772150400,67488,68207,64935,65868,4056.20640648
1772236800,65868,67743,63037,66985,5941.59308309
1772323200,66982,68201,65051,65771,4640.41251723
1772409600,65776,70111,65259,68821,6481.12468127
1772496000,68821,69256,66147,68336,5194.30176765
1772582400,68336,74075,67405,72691,6743.89222058
1772668800,72691,73573,70671,70896,4548.71307503
1772755200,70898,71415,67753,68114,3520.23830882
1772841600,68114,68543,66943,67269,1602.73980283
1772928000,67269,68186,65623,65975,2829.70777868
1773014400,65974,69575,65844,68453,4665.57773266
1773100800,68453,71775,68400,69963,5202.71519204
1773187200,69958,71335,68991,70196,4649.31092584
1773273600,70196,70805,69222,70529,4885.75029631
1773360000,70537,73933,70412,70949,4593.78432038
1773446400,70947,71308,70305,71218,1520.25473636
1773532800,71218,73223,70878,72831,2292.61546545
1773619200,72849,74916,72294,74876,3772.15166866
1773705600,74884,76013,73429,73928,3923.49624615
1773792000,73931,74676,70492,71259,3059.47018424
1773878400,71241,71604,68799,69921,3381.21580722
1773964800,69921,71356,69399,70502,2786.90640315
1774051200,70498,71082,68563,68910,1361.20269127
1774137600,68910,69564,67354,67860,2109.6159151
1774224000,67853,71801,67435,70883,3654.99346849
1774310400,70875,71382,68893,70519,3323.54868049
1774396800,70519,72026,70387,71301,2612.72355105
1774483200,71305,71405,68110,68779,3000.04397195
1774569600,68779,69127,65505,66359,3005.97680194
1774656000,66359,67245,65883,66321,869.91978741
1774742400,66320,67067,64955,65954,1293.83955401
1774828800,65961,68109,65741,66731,2769.150905
1774915200,66741,68517,65926,68215,2152.37368471
1775001600,68215,69268,67542,68102,2176.81429582
1775088000,68104,68644,65696,66890,1629.62243304
1775174400,66890,67359,66282,66944,799.7654875
1775260800,66949,67528,66782,67290,407.12820026
1775347200,67296,69104,66608,68999,645.41692971
1775433600,69005,70355,68332,68857,1269.73380382
1775520000,68856,72762,67724,71940,1555.8436309
1775606400,71911,72865,70705,71110,1681.53724973
1775692800,71064,73159,70480,71812,1764.99624298
1775779200,71797,73465,71432,72980,2356.29877946
1775865600,72980,73832,72559,73071,760.05196907
1775952000,73060,73166,70526,70746,953.31624651
1776038400,70742,74911,70584,74447,3621.422576
1776124800,74451,76120,73861,74184,4058.73780895
1776211200,74183,75445,73528,74818,824.24583731
1776297600,74828,75541,73309,75178,1166.08154755
1776384000,75172,78384,74571,77108,2558.4395203
1776470400,77107,77451,75441,75737,576.88981552
1776556800,75734,76264,73804,73825,794.50078642
1776643200,73834,76597,73753,75870,812.61140257
1776729600,75870,76944,74817,76345,1106.67718991
1776816000,76346,79500,76154,78208,1500.95939972
1776902400,78209,78695,76988,78269,928.43606242
1776988800,78269,78557,77295,77466,861.89309297
1777075200,77460,77906,77173,77639,273.88400022
1777161600,77639,78969,77348,78660,608.62901057
1777248000,78666,79490,76455,77373,886.75879861
1777334400,77374,77474,75657,76323,931.62772644
1777420800,76324,77882,74912,75745,1208.06442879
1777507200,75746,76629,75299,76310,584.61885651
1777593600,76310,78924,76294,78232,829.68234395
1777680000,78232,79157,78036,78690,360.45077711
1777766400,78690,79437,78082,78565,447.91420445
1777852800,78563,80768,78203,79844,1590.76805531
1777939200,79855,81781,79810,80913,1256.8049875
1778025600,80904,82833,80728,81447,974.73027712
1778112000,81436,81706,79500,80017,1030.93447403
1778198400,80005,80500,79168,80199,861.34554464
1778284800,80200,81063,80135,80665,260.35013444
1778371200,80665,82458,80269,82193,509.08425565
1778457600,82197,82361,80429,81736,1098.10551499
1778544000,81736,81767,79820,80491,1020.45687485
1778630400,80495,81288,78704,79284,1405.79319836
1778716800,79291,82047,78893,81075,2920.28181374
1778803200,81075,81650,78611,79062,1056.97680617
1778889600,79064,79186,77614,78118,443.01524369
1778976000,78117,78573,76689,77412,469.14631985
1779062400,77419,77753,76000,76949,1128.06007716
1779148800,76955,77357,76088,76757,550.76924548
1779235200,76762,77782.01,76440,77470.5,723.02197773
1779321600,77482.86,78122.49,76647.94,77554,723.28086911
1779408000,77565.86,77819.99,75285,75451.01,725.0509198
1779494400,75451.01,77302.52,74192.21,76655.99,967.2323223
1779580800,76654,77427,76015,76974.88,496.89495019
1779667200,76974.88,77830.83,76833,77254.92,518.69582604
1779753600,77255,78002.74,75559.41,75820.94,1137.32088336
1779840000,75820.95,76047,74127.01,74330.48,881.66520786
1779926400,74330.47,74461.71,72461.53,73519.16,1415.43760493
1780012800,73526.41,74223,72394.58,73373.29,968.72667883
1780099200,73373.3,74024.77,73125.86,73762.15,357.56268745
1780185600,73775,74162.97,73289.97,73567.99,421.37448096
1780272000,73568,73984.48,70574.13,71313.86,1811.51510088
1780358400,71305.47,71309.61,66099.58,66668.6,3062.12034726
1780444800,66669.99,67417.99,63991.31,64045.64,2990.47757587
1780531200,64045.63,64687.36,61310.19,63814.8,5828.84132012
1780617600,63811,63915.41,59100,61042.14,5485.96092016
1780704000,61032.64,61503.35,59485.04,60858.64,1210.53410993
1780790400,60850.82,64196.66,60717.66,63315.72,1423.34858338
1780876800,63306.56,64191.09,62370,63061.78,2143.33985315
1780963200,63068.48,63491.41,60718,61685.44,2619.16979905
1781049600,61685.43,62808.52,60678.99,61456.49,2140.36256101
1781136000,61452.99,63840.01,61452.99,63558.21,1556.8794791
1781222400,63558.2,64348.63,62761.04,63531.04,1263.51892611
1781308800,63539.04,64742.88,63409.94,64440,561.3925642
1781395200,64423.99,65758.99,63642.58,65712.5,779.26765605
1781481600,65713.19,67253.17,65315.92,66282.05,1590.05635192
1781568000,66282.05,66949.01,65301,65612.86,1296.44629285
1781654400,65612.85,66390.79,63861.31,64443.27,1568.8341234
1781740800,64448.09,64754.21,62178,62889.92,1547.3288398
1781827200,62889.92,63606.48,62245.01,63487.34,918.36907249
1781913600,63487.34,64334.69,63133.21,64245.72,610.71977158
1782000000,64225.99,64522,63197.23,63237.18,551.09674747
1782086400,63237.17,65555.13,63237.17,63948.96,1437.39073712
1782172800,63948.95,64199.85,61860.01,62651.43,1351.74022349
1782259200,62651.43,63137,59018.45,60987,2180.37620984
1782345600,60981.45,61865.72,58035.28,59696.26,2130.48721866
1782432000,59710.91,60656.42,58240.91,60019.38,2185.00058617
1782518400,60021.01,60850,59766.78,59940.07,508.53190375
1782604800,59940.06,60447.61,58806.76,59473.29,634.06945764
1782691200,59473.29,60692.2,58800.83,60163.86,1820.9079122
1782777600,60163.85,60184.93,58076.49,58526.17,1527.12409907
1782864000,58526.63,61280.5,57734.63,59963.46,1390.17261075
1782950400,59957.3,62136.7,59523.85,61479.1,1886.84255097
1783036800,61478.28,62894.88,61169.93,62522.46,1067.97160731
1783123200,62522.45,63454.8,62279.5,63086.18,606.07859629
1783209600,63089.64,63945.23,62389.98,63587.06,590.31403493
1783296000,63587.05,64657.29,61246.23,64000.1,1497.89511585
1783382400,64000.11,64263.34,62605.01,63311.3,1305.02995553
1783468800,63322.54,63711.85,61480.73,62237.84,902.04205645
1783555200,62238.2,63442.98,61641.44,63185.92,879.06661154
1783641600,63179.96,64653.09,62883.44,64114.25,989.8820577
1783728000,64116.45,64467.19,63777.01,63780.01,373.71337011
1783814400,63780,64233,63588.71,63743.46,358.98577813
1783900800,63743.51,64384.9,61750.06,62256.81,1038.09649603
1783987200,62256.8,65063.99,62203.26,64975.72,1066.83456731
1784073600,65000,65518.04,64435.14,64713.83,1005.03285047
1784160000,64713.83,64941.56,63700.01,63788.02,795.59627502
1784246400,63782.65,64347.12,62470.01,63891.98,1173.51036409
1784332800,63891.98,64825.94,63849.77,64792.35,387.44873134
1784419200,64792.57,64918.84,64239.27,64681.58,480.10924279
1784505600,64688.7,65747.46,63705.77,65212.6,1506.90189803
1784592000,65212.6,66920.74,65108.55,66518.68,1289.11475833
1784678400,66519.8,66697.57,65488.36,66082.49,984.25922288
1784764800,66086.87,66268.25,64590,65050.48,1131.52154987
1784851200,65050.47,65765.4,63666,64086.59,916.37917245
1784937600,64086.59,64384.68,63744.38,64307.9,351.44623629
1785024000,64306.95,65518.58,64232.38,65338.88,395.9190576
1785110400,65338.88,65679.5,63536.94,63697.72,1022.46271431
1785196800,63697.72,64034.96,62683.93,63850.53,1034.53000264
1785283200,63849.63,64658,63198.67,63894.39,1199.20177592
1785369600,63894.24,65100,63514.36,64716.76,1195.48420629
1785456000,64716.76,65340.42,62369,62817.96,1235.25524562
1785542400,62817.96,63088.09,62216.81,62759.82,445.31419101
1785628800,62759.82,63725,62754.4,63499.99,485.53607284
1785715200,63499.99,64023.9,62216,63460.01,924.01565811
1785801600,63460.89,64482.02,63270,64056.48,1012.02481152
1785888000,64056.47,64995.84,63820.01,64600.22,1116.54614458
1785974400,64600.21,64932.21,64094,64255.55,1131.9035155
1786060800,64265.53,65339.98,64103,64877.77,1964.13539171
1786147200,64877.77,65134.9,64801.24,64908.72,520.80456173
1786233600,64908.72,65415.69,64684.71,64857.27,628.89456178
1786320000,64857.26,65333.41,63737.02,63911.16,1480.54318461
1786406400,63911.15,64447,63173.91,63542.82,1378.44718852
1786492800,63539.69,64410.61,63240.01,63406.33,1617.70676449
1786579200,63406.33,63936.18,62782.77,63418.04,1675.84013733
1786665600,63418.05,63552.94,62470,62975.97,1244.0348531
1786752000,62975.97,63112.96,62863.54,63025.94,318.97333488
1786838400,63025.93,63310.16,62652.7,62831.66,534.53133128
1786924800,62831.65,64551.3,62689.89,64484.76,2083.29342512
1787011200,64488.02,65000,63982.23,64686.09,1663.10641737
1787097600,64686.09,70033.39,64112.88,69297.78,4829.36084086
1787184000,69298.02,73370.15,68858.17,73007.7,4199.95886284
1787270400,73000.01,79461,73000.01,78325.11,6239.29952159
1787356800,78325.29,78800.11,76525.41,77065.64,1540.63267264
1787443200,77065.63,78032.6,75568.18,77716.48,1541.9838493
1787529600,77723.58,79989.36,76664.18,78986.06,2794.80659801
1787616000,78985.15,81255.06,77850,78534.93,2638.50124393
1787702400,78536.3,79224.4,77626.89,79022.66,1508.94193139
1787788800,79022.65,80819.98,78573.39,80278.98,3073.12963145
1787875200,80278.99,81454.98,76876.88,77835.18,3147.57326254
1787961600,77835.18,78328.63,77345.28,78235.02,809.27102639
1788048000,78235.01,79385.99,77023.78,77701.7,1401.20396097
1788134400,77659.15,79249.85,77381.47,78571.17,2264.23417349
1788220800,78571.18,79184,76380.13,77397.43,2851.04332419
1788307200,77397.43,77747.28,76228.56,77301.83,1643.47814236
1788393600,77294.61,82280.62,76940.96,81265,2498.55416454
1788480000,81265,81426.37,78645.01,79676.6,2226.87926884
1788566400,79676.6,80187.04,79464.65,79830.42,552.2301498
1788652800,79830.42,80537.4,79218,80338.98,746.1705314
1788739200,80338.98,80430.96,78685,79090.41,1253.60427642
1788825600,79090.42,79455.12,77602.59,78449,1607.0465247
1788912000,78449.01,79741.64,77760,78281.65,1787.66218132
1788998400,78281.65,78526.26,76452.89,76528.75,1622.87031798
1789084800,76528.6,79836.83,76040.02,77212.48,2773.54564116
1789171200,77212.48,77480,77060,77269.22,499.05342596
1789257600,77269.21,77417.67,76480,76808.69,981.62415399
1789344000,76804.19,79579.16,76370.36,78185.01,2451.20669841
1789430400,78185.01,78241.56,74913.43,75577.29,2966.54321896
1789516800,75577.29,76471.23,74962.49,76138.6,1683.17477769
1789603200,76138.6,77083.2,75949.99,76354.94,1420.05650508
